path,label,label_id,dataset,speaker_id
data/emotion_datasets/ravdess/Actor_01/03-01-01-01-01-01-01.wav,neutral_calm,0,ravdess,1
data/emotion_datasets/ravdess/Actor_01/03-01-01-01-01-02-01.wav,neutral_calm,0,ravdess,1
data/emotion_datasets/ravdess/Actor_01/03-01-01-01-02-01-01.wav,neutral_calm,0,ravdess,1
data/emotion_datasets/ravdess/Actor_01/03-01-01-01-02-02-01.wav,neutral_calm,0,ravdess,1
data/emotion_datasets/ravdess/Actor_01/03-01-02-01-01-01-01.wav,neutral_calm,0,ravdess,1
data/emotion_datasets/ravdess/Actor_01/03-01-02-01-01-02-01.wav,neutral_calm,0,ravdess,1
data/emotion_datasets/ravdess/Actor_01/03-01-02-01-02-01-01.wav,neutral_calm,0,ravdess,1
data/emotion_datasets/ravdess/Actor_01/03-01-02-01-02-02-01.wav,neutral_calm,0,ravdess,1
data/emotion_datasets/ravdess/Actor_01/03-01-02-02-01-01-01.wav,neutral_calm,0,ravdess,1
data/emotion_datasets/ravdess/Actor_01/03-01-02-02-01-02-01.wav,neutral_calm,0,ravdess,1
data/emotion_datasets/ravdess/Actor_01/03-01-02-02-02-01-01.wav,neutral_calm,0,ravdess,1
data/emotion_datasets/ravdess/Actor_01/03-01-02-02-02-02-01.wav,neutral_calm,0,ravdess,1
data/emotion_datasets/ravdess/Actor_01/03-01-03-01-01-01-01.wav,energetic_engaged,1,ravdess,1
data/emotion_datasets/ravdess/Actor_01/03-01-03-01-01-02-01.wav,energetic_engaged,1,ravdess,1
data/emotion_datasets/ravdess/Actor_01/03-01-03-01-02-01-01.wav,energetic_engaged,1,ravdess,1
data/emotion_datasets/ravdess/Actor_01/03-01-03-01-02-02-01.wav,energetic_engaged,1,ravdess,1
data/emotion_datasets/ravdess/Actor_01/03-01-03-02-01-01-01.wav,energetic_engaged,1,ravdess,1
data/emotion_datasets/ravdess/Actor_01/03-01-03-02-01-02-01.wav,energetic_engaged,1,ravdess,1
data/emotion_datasets/ravdess/Actor_01/03-01-03-02-02-01-01.wav,energetic_engaged,1,ravdess,1
data/emotion_datasets/ravdess/Actor_01/03-01-03-02-02-02-01.wav,energetic_engaged,1,ravdess,1
data/emotion_datasets/ravdess/Actor_01/03-01-04-01-01-01-01.wav,low_energy,2,ravdess,1
data/emotion_datasets/ravdess/Actor_01/03-01-04-01-01-02-01.wav,low_energy,2,ravdess,1
data/emotion_datasets/ravdess/Actor_01/03-01-04-01-02-01-01.wav,low_energy,2,ravdess,1
data/emotion_datasets/ravdess/Actor_01/03-01-04-01-02-02-01.wav,low_energy,2,ravdess,1
data/emotion_datasets/ravdess/Actor_01/03-01-04-02-01-01-01.wav,low_energy,2,ravdess,1
data/emotion_datasets/ravdess/Actor_01/03-01-04-02-01-02-01.wav,low_energy,2,ravdess,1
data/emotion_datasets/ravdess/Actor_01/03-01-04-02-02-01-01.wav,low_energy,2,ravdess,1
data/emotion_datasets/ravdess/Actor_01/03-01-04-02-02-02-01.wav,low_energy,2,ravdess,1
data/emotion_datasets/ravdess/Actor_01/03-01-05-01-01-01-01.wav,tense_stressed,3,ravdess,1
data/emotion_datasets/ravdess/Actor_01/03-01-05-01-01-02-01.wav,tense_stressed,3,ravdess,1
data/emotion_datasets/ravdess/Actor_01/03-01-05-01-02-01-01.wav,tense_stressed,3,ravdess,1
data/emotion_datasets/ravdess/Actor_01/03-01-05-01-02-02-01.wav,tense_stressed,3,ravdess,1
data/emotion_datasets/ravdess/Actor_01/03-01-05-02-01-01-01.wav,tense_stressed,3,ravdess,1
data/emotion_datasets/ravdess/Actor_01/03-01-05-02-01-02-01.wav,tense_stressed,3,ravdess,1
data/emotion_datasets/ravdess/Actor_01/03-01-05-02-02-01-01.wav,tense_stressed,3,ravdess,1
data/emotion_datasets/ravdess/Actor_01/03-01-05-02-02-02-01.wav,tense_stressed,3,ravdess,1
data/emotion_datasets/ravdess/Actor_01/03-01-06-01-01-01-01.wav,tense_stressed,3,ravdess,1
data/emotion_datasets/ravdess/Actor_01/03-01-06-01-01-02-01.wav,tense_stressed,3,ravdess,1
data/emotion_datasets/ravdess/Actor_01/03-01-06-01-02-01-01.wav,tense_stressed,3,ravdess,1
data/emotion_datasets/ravdess/Actor_01/03-01-06-01-02-02-01.wav,tense_stressed,3,ravdess,1
data/emotion_datasets/ravdess/Actor_01/03-01-06-02-01-01-01.wav,tense_stressed,3,ravdess,1
data/emotion_datasets/ravdess/Actor_01/03-01-06-02-01-02-01.wav,tense_stressed,3,ravdess,1
data/emotion_datasets/ravdess/Actor_01/03-01-06-02-02-01-01.wav,tense_stressed,3,ravdess,1
data/emotion_datasets/ravdess/Actor_01/03-01-06-02-02-02-01.wav,tense_stressed,3,ravdess,1
data/emotion_datasets/ravdess/Actor_01/03-01-07-01-01-01-01.wav,tense_stressed,3,ravdess,1
data/emotion_datasets/ravdess/Actor_01/03-01-07-01-01-02-01.wav,tense_stressed,3,ravdess,1
data/emotion_datasets/ravdess/Actor_01/03-01-07-01-02-01-01.wav,tense_stressed,3,ravdess,1
data/emotion_datasets/ravdess/Actor_01/03-01-07-01-02-02-01.wav,tense_stressed,3,ravdess,1
data/emotion_datasets/ravdess/Actor_01/03-01-07-02-01-01-01.wav,tense_stressed,3,ravdess,1
data/emotion_datasets/ravdess/Actor_01/03-01-07-02-01-02-01.wav,tense_stressed,3,ravdess,1
data/emotion_datasets/ravdess/Actor_01/03-01-07-02-02-01-01.wav,tense_stressed,3,ravdess,1
data/emotion_datasets/ravdess/Actor_01/03-01-07-02-02-02-01.wav,tense_stressed,3,ravdess,1
data/emotion_datasets/ravdess/Actor_01/03-01-08-01-01-01-01.wav,energetic_engaged,1,ravdess,1
data/emotion_datasets/ravdess/Actor_01/03-01-08-01-01-02-01.wav,energetic_engaged,1,ravdess,1
data/emotion_datasets/ravdess/Actor_01/03-01-08-01-02-01-01.wav,energetic_engaged,1,ravdess,1
data/emotion_datasets/ravdess/Actor_01/03-01-08-01-02-02-01.wav,energetic_engaged,1,ravdess,1
data/emotion_datasets/ravdess/Actor_01/03-01-08-02-01-01-01.wav,energetic_engaged,1,ravdess,1
data/emotion_datasets/ravdess/Actor_01/03-01-08-02-01-02-01.wav,energetic_engaged,1,ravdess,1
data/emotion_datasets/ravdess/Actor_01/03-01-08-02-02-01-01.wav,energetic_engaged,1,ravdess,1
data/emotion_datasets/ravdess/Actor_01/03-01-08-02-02-02-01.wav,energetic_engaged,1,ravdess,1
data/emotion_datasets/ravdess/Actor_02/03-01-01-01-01-01-02.wav,neutral_calm,0,ravdess,2
data/emotion_datasets/ravdess/Actor_02/03-01-01-01-01-02-02.wav,neutral_calm,0,ravdess,2
data/emotion_datasets/ravdess/Actor_02/03-01-01-01-02-01-02.wav,neutral_calm,0,ravdess,2
data/emotion_datasets/ravdess/Actor_02/03-01-01-01-02-02-02.wav,neutral_calm,0,ravdess,2
data/emotion_datasets/ravdess/Actor_02/03-01-02-01-01-01-02.wav,neutral_calm,0,ravdess,2
data/emotion_datasets/ravdess/Actor_02/03-01-02-01-01-02-02.wav,neutral_calm,0,ravdess,2
data/emotion_datasets/ravdess/Actor_02/03-01-02-01-02-01-02.wav,neutral_calm,0,ravdess,2
data/emotion_datasets/ravdess/Actor_02/03-01-02-01-02-02-02.wav,neutral_calm,0,ravdess,2
data/emotion_datasets/ravdess/Actor_02/03-01-02-02-01-01-02.wav,neutral_calm,0,ravdess,2
data/emotion_datasets/ravdess/Actor_02/03-01-02-02-01-02-02.wav,neutral_calm,0,ravdess,2
data/emotion_datasets/ravdess/Actor_02/03-01-02-02-02-01-02.wav,neutral_calm,0,ravdess,2
data/emotion_datasets/ravdess/Actor_02/03-01-02-02-02-02-02.wav,neutral_calm,0,ravdess,2
data/emotion_datasets/ravdess/Actor_02/03-01-03-01-01-01-02.wav,energetic_engaged,1,ravdess,2
data/emotion_datasets/ravdess/Actor_02/03-01-03-01-01-02-02.wav,energetic_engaged,1,ravdess,2
data/emotion_datasets/ravdess/Actor_02/03-01-03-01-02-01-02.wav,energetic_engaged,1,ravdess,2
data/emotion_datasets/ravdess/Actor_02/03-01-03-01-02-02-02.wav,energetic_engaged,1,ravdess,2
data/emotion_datasets/ravdess/Actor_02/03-01-03-02-01-01-02.wav,energetic_engaged,1,ravdess,2
data/emotion_datasets/ravdess/Actor_02/03-01-03-02-01-02-02.wav,energetic_engaged,1,ravdess,2
data/emotion_datasets/ravdess/Actor_02/03-01-03-02-02-01-02.wav,energetic_engaged,1,ravdess,2
data/emotion_datasets/ravdess/Actor_02/03-01-03-02-02-02-02.wav,energetic_engaged,1,ravdess,2
data/emotion_datasets/ravdess/Actor_02/03-01-04-01-01-01-02.wav,low_energy,2,ravdess,2
data/emotion_datasets/ravdess/Actor_02/03-01-04-01-01-02-02.wav,low_energy,2,ravdess,2
data/emotion_datasets/ravdess/Actor_02/03-01-04-01-02-01-02.wav,low_energy,2,ravdess,2
data/emotion_datasets/ravdess/Actor_02/03-01-04-01-02-02-02.wav,low_energy,2,ravdess,2
data/emotion_datasets/ravdess/Actor_02/03-01-04-02-01-01-02.wav,low_energy,2,ravdess,2
data/emotion_datasets/ravdess/Actor_02/03-01-04-02-01-02-02.wav,low_energy,2,ravdess,2
data/emotion_datasets/ravdess/Actor_02/03-01-04-02-02-01-02.wav,low_energy,2,ravdess,2
data/emotion_datasets/ravdess/Actor_02/03-01-04-02-02-02-02.wav,low_energy,2,ravdess,2
data/emotion_datasets/ravdess/Actor_02/03-01-05-01-01-01-02.wav,tense_stressed,3,ravdess,2
data/emotion_datasets/ravdess/Actor_02/03-01-05-01-01-02-02.wav,tense_stressed,3,ravdess,2
data/emotion_datasets/ravdess/Actor_02/03-01-05-01-02-01-02.wav,tense_stressed,3,ravdess,2
data/emotion_datasets/ravdess/Actor_02/03-01-05-01-02-02-02.wav,tense_stressed,3,ravdess,2
data/emotion_datasets/ravdess/Actor_02/03-01-05-02-01-01-02.wav,tense_stressed,3,ravdess,2
data/emotion_datasets/ravdess/Actor_02/03-01-05-02-01-02-02.wav,tense_stressed,3,ravdess,2
data/emotion_datasets/ravdess/Actor_02/03-01-05-02-02-01-02.wav,tense_stressed,3,ravdess,2
data/emotion_datasets/ravdess/Actor_02/03-01-05-02-02-02-02.wav,tense_stressed,3,ravdess,2
data/emotion_datasets/ravdess/Actor_02/03-01-06-01-01-01-02.wav,tense_stressed,3,ravdess,2
data/emotion_datasets/ravdess/Actor_02/03-01-06-01-01-02-02.wav,tense_stressed,3,ravdess,2
data/emotion_datasets/ravdess/Actor_02/03-01-06-01-02-01-02.wav,tense_stressed,3,ravdess,2
data/emotion_datasets/ravdess/Actor_02/03-01-06-01-02-02-02.wav,tense_stressed,3,ravdess,2
data/emotion_datasets/ravdess/Actor_02/03-01-06-02-01-01-02.wav,tense_stressed,3,ravdess,2
data/emotion_datasets/ravdess/Actor_02/03-01-06-02-01-02-02.wav,tense_stressed,3,ravdess,2
data/emotion_datasets/ravdess/Actor_02/03-01-06-02-02-01-02.wav,tense_stressed,3,ravdess,2
data/emotion_datasets/ravdess/Actor_02/03-01-06-02-02-02-02.wav,tense_stressed,3,ravdess,2
data/emotion_datasets/ravdess/Actor_02/03-01-07-01-01-01-02.wav,tense_stressed,3,ravdess,2
data/emotion_datasets/ravdess/Actor_02/03-01-07-01-01-02-02.wav,tense_stressed,3,ravdess,2
data/emotion_datasets/ravdess/Actor_02/03-01-07-01-02-01-02.wav,tense_stressed,3,ravdess,2
data/emotion_datasets/ravdess/Actor_02/03-01-07-01-02-02-02.wav,tense_stressed,3,ravdess,2
data/emotion_datasets/ravdess/Actor_02/03-01-07-02-01-01-02.wav,tense_stressed,3,ravdess,2
data/emotion_datasets/ravdess/Actor_02/03-01-07-02-01-02-02.wav,tense_stressed,3,ravdess,2
data/emotion_datasets/ravdess/Actor_02/03-01-07-02-02-01-02.wav,tense_stressed,3,ravdess,2
data/emotion_datasets/ravdess/Actor_02/03-01-07-02-02-02-02.wav,tense_stressed,3,ravdess,2
data/emotion_datasets/ravdess/Actor_02/03-01-08-01-01-01-02.wav,energetic_engaged,1,ravdess,2
data/emotion_datasets/ravdess/Actor_02/03-01-08-01-01-02-02.wav,energetic_engaged,1,ravdess,2
data/emotion_datasets/ravdess/Actor_02/03-01-08-01-02-01-02.wav,energetic_engaged,1,ravdess,2
data/emotion_datasets/ravdess/Actor_02/03-01-08-01-02-02-02.wav,energetic_engaged,1,ravdess,2
data/emotion_datasets/ravdess/Actor_02/03-01-08-02-01-01-02.wav,energetic_engaged,1,ravdess,2
data/emotion_datasets/ravdess/Actor_02/03-01-08-02-01-02-02.wav,energetic_engaged,1,ravdess,2
data/emotion_datasets/ravdess/Actor_02/03-01-08-02-02-01-02.wav,energetic_engaged,1,ravdess,2
data/emotion_datasets/ravdess/Actor_02/03-01-08-02-02-02-02.wav,energetic_engaged,1,ravdess,2
data/emotion_datasets/ravdess/Actor_03/03-01-01-01-01-01-03.wav,neutral_calm,0,ravdess,3
data/emotion_datasets/ravdess/Actor_03/03-01-01-01-01-02-03.wav,neutral_calm,0,ravdess,3
data/emotion_datasets/ravdess/Actor_03/03-01-01-01-02-01-03.wav,neutral_calm,0,ravdess,3
data/emotion_datasets/ravdess/Actor_03/03-01-01-01-02-02-03.wav,neutral_calm,0,ravdess,3
data/emotion_datasets/ravdess/Actor_03/03-01-02-01-01-01-03.wav,neutral_calm,0,ravdess,3
data/emotion_datasets/ravdess/Actor_03/03-01-02-01-01-02-03.wav,neutral_calm,0,ravdess,3
data/emotion_datasets/ravdess/Actor_03/03-01-02-01-02-01-03.wav,neutral_calm,0,ravdess,3
data/emotion_datasets/ravdess/Actor_03/03-01-02-01-02-02-03.wav,neutral_calm,0,ravdess,3
data/emotion_datasets/ravdess/Actor_03/03-01-02-02-01-01-03.wav,neutral_calm,0,ravdess,3
data/emotion_datasets/ravdess/Actor_03/03-01-02-02-01-02-03.wav,neutral_calm,0,ravdess,3
data/emotion_datasets/ravdess/Actor_03/03-01-02-02-02-01-03.wav,neutral_calm,0,ravdess,3
data/emotion_datasets/ravdess/Actor_03/03-01-02-02-02-02-03.wav,neutral_calm,0,ravdess,3
data/emotion_datasets/ravdess/Actor_03/03-01-03-01-01-01-03.wav,energetic_engaged,1,ravdess,3
data/emotion_datasets/ravdess/Actor_03/03-01-03-01-01-02-03.wav,energetic_engaged,1,ravdess,3
data/emotion_datasets/ravdess/Actor_03/03-01-03-01-02-01-03.wav,energetic_engaged,1,ravdess,3
data/emotion_datasets/ravdess/Actor_03/03-01-03-01-02-02-03.wav,energetic_engaged,1,ravdess,3
data/emotion_datasets/ravdess/Actor_03/03-01-03-02-01-01-03.wav,energetic_engaged,1,ravdess,3
data/emotion_datasets/ravdess/Actor_03/03-01-03-02-01-02-03.wav,energetic_engaged,1,ravdess,3
data/emotion_datasets/ravdess/Actor_03/03-01-03-02-02-01-03.wav,energetic_engaged,1,ravdess,3
data/emotion_datasets/ravdess/Actor_03/03-01-03-02-02-02-03.wav,energetic_engaged,1,ravdess,3
data/emotion_datasets/ravdess/Actor_03/03-01-04-01-01-01-03.wav,low_energy,2,ravdess,3
data/emotion_datasets/ravdess/Actor_03/03-01-04-01-01-02-03.wav,low_energy,2,ravdess,3
data/emotion_datasets/ravdess/Actor_03/03-01-04-01-02-01-03.wav,low_energy,2,ravdess,3
data/emotion_datasets/ravdess/Actor_03/03-01-04-01-02-02-03.wav,low_energy,2,ravdess,3
data/emotion_datasets/ravdess/Actor_03/03-01-04-02-01-01-03.wav,low_energy,2,ravdess,3
data/emotion_datasets/ravdess/Actor_03/03-01-04-02-01-02-03.wav,low_energy,2,ravdess,3
data/emotion_datasets/ravdess/Actor_03/03-01-04-02-02-01-03.wav,low_energy,2,ravdess,3
data/emotion_datasets/ravdess/Actor_03/03-01-04-02-02-02-03.wav,low_energy,2,ravdess,3
data/emotion_datasets/ravdess/Actor_03/03-01-05-01-01-01-03.wav,tense_stressed,3,ravdess,3
data/emotion_datasets/ravdess/Actor_03/03-01-05-01-01-02-03.wav,tense_stressed,3,ravdess,3
data/emotion_datasets/ravdess/Actor_03/03-01-05-01-02-01-03.wav,tense_stressed,3,ravdess,3
data/emotion_datasets/ravdess/Actor_03/03-01-05-01-02-02-03.wav,tense_stressed,3,ravdess,3
data/emotion_datasets/ravdess/Actor_03/03-01-05-02-01-01-03.wav,tense_stressed,3,ravdess,3
data/emotion_datasets/ravdess/Actor_03/03-01-05-02-01-02-03.wav,tense_stressed,3,ravdess,3
data/emotion_datasets/ravdess/Actor_03/03-01-05-02-02-01-03.wav,tense_stressed,3,ravdess,3
data/emotion_datasets/ravdess/Actor_03/03-01-05-02-02-02-03.wav,tense_stressed,3,ravdess,3
data/emotion_datasets/ravdess/Actor_03/03-01-06-01-01-01-03.wav,tense_stressed,3,ravdess,3
data/emotion_datasets/ravdess/Actor_03/03-01-06-01-01-02-03.wav,tense_stressed,3,ravdess,3
data/emotion_datasets/ravdess/Actor_03/03-01-06-01-02-01-03.wav,tense_stressed,3,ravdess,3
data/emotion_datasets/ravdess/Actor_03/03-01-06-01-02-02-03.wav,tense_stressed,3,ravdess,3
data/emotion_datasets/ravdess/Actor_03/03-01-06-02-01-01-03.wav,tense_stressed,3,ravdess,3
data/emotion_datasets/ravdess/Actor_03/03-01-06-02-01-02-03.wav,tense_stressed,3,ravdess,3
data/emotion_datasets/ravdess/Actor_03/03-01-06-02-02-01-03.wav,tense_stressed,3,ravdess,3
data/emotion_datasets/ravdess/Actor_03/03-01-06-02-02-02-03.wav,tense_stressed,3,ravdess,3
data/emotion_datasets/ravdess/Actor_03/03-01-07-01-01-01-03.wav,tense_stressed,3,ravdess,3
data/emotion_datasets/ravdess/Actor_03/03-01-07-01-01-02-03.wav,tense_stressed,3,ravdess,3
data/emotion_datasets/ravdess/Actor_03/03-01-07-01-02-01-03.wav,tense_stressed,3,ravdess,3
data/emotion_datasets/ravdess/Actor_03/03-01-07-01-02-02-03.wav,tense_stressed,3,ravdess,3
data/emotion_datasets/ravdess/Actor_03/03-01-07-02-01-01-03.wav,tense_stressed,3,ravdess,3
data/emotion_datasets/ravdess/Actor_03/03-01-07-02-01-02-03.wav,tense_stressed,3,ravdess,3
data/emotion_datasets/ravdess/Actor_03/03-01-07-02-02-01-03.wav,tense_stressed,3,ravdess,3
data/emotion_datasets/ravdess/Actor_03/03-01-07-02-02-02-03.wav,tense_stressed,3,ravdess,3
data/emotion_datasets/ravdess/Actor_03/03-01-08-01-01-01-03.wav,energetic_engaged,1,ravdess,3
data/emotion_datasets/ravdess/Actor_03/03-01-08-01-01-02-03.wav,energetic_engaged,1,ravdess,3
data/emotion_datasets/ravdess/Actor_03/03-01-08-01-02-01-03.wav,energetic_engaged,1,ravdess,3
data/emotion_datasets/ravdess/Actor_03/03-01-08-01-02-02-03.wav,energetic_engaged,1,ravdess,3
data/emotion_datasets/ravdess/Actor_03/03-01-08-02-01-01-03.wav,energetic_engaged,1,ravdess,3
data/emotion_datasets/ravdess/Actor_03/03-01-08-02-01-02-03.wav,energetic_engaged,1,ravdess,3
data/emotion_datasets/ravdess/Actor_03/03-01-08-02-02-01-03.wav,energetic_engaged,1,ravdess,3
data/emotion_datasets/ravdess/Actor_03/03-01-08-02-02-02-03.wav,energetic_engaged,1,ravdess,3
data/emotion_datasets/ravdess/Actor_04/03-01-01-01-01-01-04.wav,neutral_calm,0,ravdess,4
data/emotion_datasets/ravdess/Actor_04/03-01-01-01-01-02-04.wav,neutral_calm,0,ravdess,4
data/emotion_datasets/ravdess/Actor_04/03-01-01-01-02-01-04.wav,neutral_calm,0,ravdess,4
data/emotion_datasets/ravdess/Actor_04/03-01-01-01-02-02-04.wav,neutral_calm,0,ravdess,4
data/emotion_datasets/ravdess/Actor_04/03-01-02-01-01-01-04.wav,neutral_calm,0,ravdess,4
data/emotion_datasets/ravdess/Actor_04/03-01-02-01-01-02-04.wav,neutral_calm,0,ravdess,4
data/emotion_datasets/ravdess/Actor_04/03-01-02-01-02-01-04.wav,neutral_calm,0,ravdess,4
data/emotion_datasets/ravdess/Actor_04/03-01-02-01-02-02-04.wav,neutral_calm,0,ravdess,4
data/emotion_datasets/ravdess/Actor_04/03-01-02-02-01-01-04.wav,neutral_calm,0,ravdess,4
data/emotion_datasets/ravdess/Actor_04/03-01-02-02-01-02-04.wav,neutral_calm,0,ravdess,4
data/emotion_datasets/ravdess/Actor_04/03-01-02-02-02-01-04.wav,neutral_calm,0,ravdess,4
data/emotion_datasets/ravdess/Actor_04/03-01-02-02-02-02-04.wav,neutral_calm,0,ravdess,4
data/emotion_datasets/ravdess/Actor_04/03-01-03-01-01-01-04.wav,energetic_engaged,1,ravdess,4
data/emotion_datasets/ravdess/Actor_04/03-01-03-01-01-02-04.wav,energetic_engaged,1,ravdess,4
data/emotion_datasets/ravdess/Actor_04/03-01-03-01-02-01-04.wav,energetic_engaged,1,ravdess,4
data/emotion_datasets/ravdess/Actor_04/03-01-03-01-02-02-04.wav,energetic_engaged,1,ravdess,4
data/emotion_datasets/ravdess/Actor_04/03-01-03-02-01-01-04.wav,energetic_engaged,1,ravdess,4
data/emotion_datasets/ravdess/Actor_04/03-01-03-02-01-02-04.wav,energetic_engaged,1,ravdess,4
data/emotion_datasets/ravdess/Actor_04/03-01-03-02-02-01-04.wav,energetic_engaged,1,ravdess,4
data/emotion_datasets/ravdess/Actor_04/03-01-03-02-02-02-04.wav,energetic_engaged,1,ravdess,4
data/emotion_datasets/ravdess/Actor_04/03-01-04-01-01-01-04.wav,low_energy,2,ravdess,4
data/emotion_datasets/ravdess/Actor_04/03-01-04-01-01-02-04.wav,low_energy,2,ravdess,4
data/emotion_datasets/ravdess/Actor_04/03-01-04-01-02-01-04.wav,low_energy,2,ravdess,4
data/emotion_datasets/ravdess/Actor_04/03-01-04-01-02-02-04.wav,low_energy,2,ravdess,4
data/emotion_datasets/ravdess/Actor_04/03-01-04-02-01-01-04.wav,low_energy,2,ravdess,4
data/emotion_datasets/ravdess/Actor_04/03-01-04-02-01-02-04.wav,low_energy,2,ravdess,4
data/emotion_datasets/ravdess/Actor_04/03-01-04-02-02-01-04.wav,low_energy,2,ravdess,4
data/emotion_datasets/ravdess/Actor_04/03-01-04-02-02-02-04.wav,low_energy,2,ravdess,4
data/emotion_datasets/ravdess/Actor_04/03-01-05-01-01-01-04.wav,tense_stressed,3,ravdess,4
data/emotion_datasets/ravdess/Actor_04/03-01-05-01-01-02-04.wav,tense_stressed,3,ravdess,4
data/emotion_datasets/ravdess/Actor_04/03-01-05-01-02-01-04.wav,tense_stressed,3,ravdess,4
data/emotion_datasets/ravdess/Actor_04/03-01-05-01-02-02-04.wav,tense_stressed,3,ravdess,4
data/emotion_datasets/ravdess/Actor_04/03-01-05-02-01-01-04.wav,tense_stressed,3,ravdess,4
data/emotion_datasets/ravdess/Actor_04/03-01-05-02-01-02-04.wav,tense_stressed,3,ravdess,4
data/emotion_datasets/ravdess/Actor_04/03-01-05-02-02-01-04.wav,tense_stressed,3,ravdess,4
data/emotion_datasets/ravdess/Actor_04/03-01-05-02-02-02-04.wav,tense_stressed,3,ravdess,4
data/emotion_datasets/ravdess/Actor_04/03-01-06-01-01-01-04.wav,tense_stressed,3,ravdess,4
data/emotion_datasets/ravdess/Actor_04/03-01-06-01-01-02-04.wav,tense_stressed,3,ravdess,4
data/emotion_datasets/ravdess/Actor_04/03-01-06-01-02-01-04.wav,tense_stressed,3,ravdess,4
data/emotion_datasets/ravdess/Actor_04/03-01-06-01-02-02-04.wav,tense_stressed,3,ravdess,4
data/emotion_datasets/ravdess/Actor_04/03-01-06-02-01-01-04.wav,tense_stressed,3,ravdess,4
data/emotion_datasets/ravdess/Actor_04/03-01-06-02-01-02-04.wav,tense_stressed,3,ravdess,4
data/emotion_datasets/ravdess/Actor_04/03-01-06-02-02-01-04.wav,tense_stressed,3,ravdess,4
data/emotion_datasets/ravdess/Actor_04/03-01-06-02-02-02-04.wav,tense_stressed,3,ravdess,4
data/emotion_datasets/ravdess/Actor_04/03-01-07-01-01-01-04.wav,tense_stressed,3,ravdess,4
data/emotion_datasets/ravdess/Actor_04/03-01-07-01-01-02-04.wav,tense_stressed,3,ravdess,4
data/emotion_datasets/ravdess/Actor_04/03-01-07-01-02-01-04.wav,tense_stressed,3,ravdess,4
data/emotion_datasets/ravdess/Actor_04/03-01-07-01-02-02-04.wav,tense_stressed,3,ravdess,4
data/emotion_datasets/ravdess/Actor_04/03-01-07-02-01-01-04.wav,tense_stressed,3,ravdess,4
data/emotion_datasets/ravdess/Actor_04/03-01-07-02-01-02-04.wav,tense_stressed,3,ravdess,4
data/emotion_datasets/ravdess/Actor_04/03-01-07-02-02-01-04.wav,tense_stressed,3,ravdess,4
data/emotion_datasets/ravdess/Actor_04/03-01-07-02-02-02-04.wav,tense_stressed,3,ravdess,4
data/emotion_datasets/ravdess/Actor_04/03-01-08-01-01-01-04.wav,energetic_engaged,1,ravdess,4
data/emotion_datasets/ravdess/Actor_04/03-01-08-01-01-02-04.wav,energetic_engaged,1,ravdess,4
data/emotion_datasets/ravdess/Actor_04/03-01-08-01-02-01-04.wav,energetic_engaged,1,ravdess,4
data/emotion_datasets/ravdess/Actor_04/03-01-08-01-02-02-04.wav,energetic_engaged,1,ravdess,4
data/emotion_datasets/ravdess/Actor_04/03-01-08-02-01-01-04.wav,energetic_engaged,1,ravdess,4
data/emotion_datasets/ravdess/Actor_04/03-01-08-02-01-02-04.wav,energetic_engaged,1,ravdess,4
data/emotion_datasets/ravdess/Actor_04/03-01-08-02-02-01-04.wav,energetic_engaged,1,ravdess,4
data/emotion_datasets/ravdess/Actor_04/03-01-08-02-02-02-04.wav,energetic_engaged,1,ravdess,4
data/emotion_datasets/ravdess/Actor_05/03-01-01-01-01-01-05.wav,neutral_calm,0,ravdess,5
data/emotion_datasets/ravdess/Actor_05/03-01-01-01-01-02-05.wav,neutral_calm,0,ravdess,5
data/emotion_datasets/ravdess/Actor_05/03-01-01-01-02-01-05.wav,neutral_calm,0,ravdess,5
data/emotion_datasets/ravdess/Actor_05/03-01-01-01-02-02-05.wav,neutral_calm,0,ravdess,5
data/emotion_datasets/ravdess/Actor_05/03-01-02-01-01-01-05.wav,neutral_calm,0,ravdess,5
data/emotion_datasets/ravdess/Actor_05/03-01-02-01-01-02-05.wav,neutral_calm,0,ravdess,5
data/emotion_datasets/ravdess/Actor_05/03-01-02-01-02-01-05.wav,neutral_calm,0,ravdess,5
data/emotion_datasets/ravdess/Actor_05/03-01-02-01-02-02-05.wav,neutral_calm,0,ravdess,5
data/emotion_datasets/ravdess/Actor_05/03-01-02-02-01-01-05.wav,neutral_calm,0,ravdess,5
data/emotion_datasets/ravdess/Actor_05/03-01-02-02-01-02-05.wav,neutral_calm,0,ravdess,5
data/emotion_datasets/ravdess/Actor_05/03-01-02-02-02-01-05.wav,neutral_calm,0,ravdess,5
data/emotion_datasets/ravdess/Actor_05/03-01-02-02-02-02-05.wav,neutral_calm,0,ravdess,5
data/emotion_datasets/ravdess/Actor_05/03-01-03-01-01-01-05.wav,energetic_engaged,1,ravdess,5
data/emotion_datasets/ravdess/Actor_05/03-01-03-01-01-02-05.wav,energetic_engaged,1,ravdess,5
data/emotion_datasets/ravdess/Actor_05/03-01-03-01-02-01-05.wav,energetic_engaged,1,ravdess,5
data/emotion_datasets/ravdess/Actor_05/03-01-03-01-02-02-05.wav,energetic_engaged,1,ravdess,5
data/emotion_datasets/ravdess/Actor_05/03-01-03-02-01-01-05.wav,energetic_engaged,1,ravdess,5
data/emotion_datasets/ravdess/Actor_05/03-01-03-02-01-02-05.wav,energetic_engaged,1,ravdess,5
data/emotion_datasets/ravdess/Actor_05/03-01-03-02-02-01-05.wav,energetic_engaged,1,ravdess,5
data/emotion_datasets/ravdess/Actor_05/03-01-03-02-02-02-05.wav,energetic_engaged,1,ravdess,5
data/emotion_datasets/ravdess/Actor_05/03-01-04-01-01-01-05.wav,low_energy,2,ravdess,5
data/emotion_datasets/ravdess/Actor_05/03-01-04-01-01-02-05.wav,low_energy,2,ravdess,5
data/emotion_datasets/ravdess/Actor_05/03-01-04-01-02-01-05.wav,low_energy,2,ravdess,5
data/emotion_datasets/ravdess/Actor_05/03-01-04-01-02-02-05.wav,low_energy,2,ravdess,5
data/emotion_datasets/ravdess/Actor_05/03-01-04-02-01-01-05.wav,low_energy,2,ravdess,5
data/emotion_datasets/ravdess/Actor_05/03-01-04-02-01-02-05.wav,low_energy,2,ravdess,5
data/emotion_datasets/ravdess/Actor_05/03-01-04-02-02-01-05.wav,low_energy,2,ravdess,5
data/emotion_datasets/ravdess/Actor_05/03-01-04-02-02-02-05.wav,low_energy,2,ravdess,5
data/emotion_datasets/ravdess/Actor_05/03-01-05-01-01-01-05.wav,tense_stressed,3,ravdess,5
data/emotion_datasets/ravdess/Actor_05/03-01-05-01-01-02-05.wav,tense_stressed,3,ravdess,5
data/emotion_datasets/ravdess/Actor_05/03-01-05-01-02-01-05.wav,tense_stressed,3,ravdess,5
data/emotion_datasets/ravdess/Actor_05/03-01-05-01-02-02-05.wav,tense_stressed,3,ravdess,5
data/emotion_datasets/ravdess/Actor_05/03-01-05-02-01-01-05.wav,tense_stressed,3,ravdess,5
data/emotion_datasets/ravdess/Actor_05/03-01-05-02-01-02-05.wav,tense_stressed,3,ravdess,5
data/emotion_datasets/ravdess/Actor_05/03-01-05-02-02-01-05.wav,tense_stressed,3,ravdess,5
data/emotion_datasets/ravdess/Actor_05/03-01-05-02-02-02-05.wav,tense_stressed,3,ravdess,5
data/emotion_datasets/ravdess/Actor_05/03-01-06-01-01-01-05.wav,tense_stressed,3,ravdess,5
data/emotion_datasets/ravdess/Actor_05/03-01-06-01-01-02-05.wav,tense_stressed,3,ravdess,5
data/emotion_datasets/ravdess/Actor_05/03-01-06-01-02-01-05.wav,tense_stressed,3,ravdess,5
data/emotion_datasets/ravdess/Actor_05/03-01-06-01-02-02-05.wav,tense_stressed,3,ravdess,5
data/emotion_datasets/ravdess/Actor_05/03-01-06-02-01-01-05.wav,tense_stressed,3,ravdess,5
data/emotion_datasets/ravdess/Actor_05/03-01-06-02-01-02-05.wav,tense_stressed,3,ravdess,5
data/emotion_datasets/ravdess/Actor_05/03-01-06-02-02-01-05.wav,tense_stressed,3,ravdess,5
data/emotion_datasets/ravdess/Actor_05/03-01-06-02-02-02-05.wav,tense_stressed,3,ravdess,5
data/emotion_datasets/ravdess/Actor_05/03-01-07-01-01-01-05.wav,tense_stressed,3,ravdess,5
data/emotion_datasets/ravdess/Actor_05/03-01-07-01-01-02-05.wav,tense_stressed,3,ravdess,5
data/emotion_datasets/ravdess/Actor_05/03-01-07-01-02-01-05.wav,tense_stressed,3,ravdess,5
data/emotion_datasets/ravdess/Actor_05/03-01-07-01-02-02-05.wav,tense_stressed,3,ravdess,5
data/emotion_datasets/ravdess/Actor_05/03-01-07-02-01-01-05.wav,tense_stressed,3,ravdess,5
data/emotion_datasets/ravdess/Actor_05/03-01-07-02-01-02-05.wav,tense_stressed,3,ravdess,5
data/emotion_datasets/ravdess/Actor_05/03-01-07-02-02-01-05.wav,tense_stressed,3,ravdess,5
data/emotion_datasets/ravdess/Actor_05/03-01-07-02-02-02-05.wav,tense_stressed,3,ravdess,5
data/emotion_datasets/ravdess/Actor_05/03-01-08-01-01-01-05.wav,energetic_engaged,1,ravdess,5
data/emotion_datasets/ravdess/Actor_05/03-01-08-01-01-02-05.wav,energetic_engaged,1,ravdess,5
data/emotion_datasets/ravdess/Actor_05/03-01-08-01-02-01-05.wav,energetic_engaged,1,ravdess,5
data/emotion_datasets/ravdess/Actor_05/03-01-08-01-02-02-05.wav,energetic_engaged,1,ravdess,5
data/emotion_datasets/ravdess/Actor_05/03-01-08-02-01-01-05.wav,energetic_engaged,1,ravdess,5
data/emotion_datasets/ravdess/Actor_05/03-01-08-02-01-02-05.wav,energetic_engaged,1,ravdess,5
data/emotion_datasets/ravdess/Actor_05/03-01-08-02-02-01-05.wav,energetic_engaged,1,ravdess,5
data/emotion_datasets/ravdess/Actor_05/03-01-08-02-02-02-05.wav,energetic_engaged,1,ravdess,5
data/emotion_datasets/ravdess/Actor_06/03-01-01-01-01-01-06.wav,neutral_calm,0,ravdess,6
data/emotion_datasets/ravdess/Actor_06/03-01-01-01-01-02-06.wav,neutral_calm,0,ravdess,6
data/emotion_datasets/ravdess/Actor_06/03-01-01-01-02-01-06.wav,neutral_calm,0,ravdess,6
data/emotion_datasets/ravdess/Actor_06/03-01-01-01-02-02-06.wav,neutral_calm,0,ravdess,6
data/emotion_datasets/ravdess/Actor_06/03-01-02-01-01-01-06.wav,neutral_calm,0,ravdess,6
data/emotion_datasets/ravdess/Actor_06/03-01-02-01-01-02-06.wav,neutral_calm,0,ravdess,6
data/emotion_datasets/ravdess/Actor_06/03-01-02-01-02-01-06.wav,neutral_calm,0,ravdess,6
data/emotion_datasets/ravdess/Actor_06/03-01-02-01-02-02-06.wav,neutral_calm,0,ravdess,6
data/emotion_datasets/ravdess/Actor_06/03-01-02-02-01-01-06.wav,neutral_calm,0,ravdess,6
data/emotion_datasets/ravdess/Actor_06/03-01-02-02-01-02-06.wav,neutral_calm,0,ravdess,6
data/emotion_datasets/ravdess/Actor_06/03-01-02-02-02-01-06.wav,neutral_calm,0,ravdess,6
data/emotion_datasets/ravdess/Actor_06/03-01-02-02-02-02-06.wav,neutral_calm,0,ravdess,6
data/emotion_datasets/ravdess/Actor_06/03-01-03-01-01-01-06.wav,energetic_engaged,1,ravdess,6
data/emotion_datasets/ravdess/Actor_06/03-01-03-01-01-02-06.wav,energetic_engaged,1,ravdess,6
data/emotion_datasets/ravdess/Actor_06/03-01-03-01-02-01-06.wav,energetic_engaged,1,ravdess,6
data/emotion_datasets/ravdess/Actor_06/03-01-03-01-02-02-06.wav,energetic_engaged,1,ravdess,6
data/emotion_datasets/ravdess/Actor_06/03-01-03-02-01-01-06.wav,energetic_engaged,1,ravdess,6
data/emotion_datasets/ravdess/Actor_06/03-01-03-02-01-02-06.wav,energetic_engaged,1,ravdess,6
data/emotion_datasets/ravdess/Actor_06/03-01-03-02-02-01-06.wav,energetic_engaged,1,ravdess,6
data/emotion_datasets/ravdess/Actor_06/03-01-03-02-02-02-06.wav,energetic_engaged,1,ravdess,6
data/emotion_datasets/ravdess/Actor_06/03-01-04-01-01-01-06.wav,low_energy,2,ravdess,6
data/emotion_datasets/ravdess/Actor_06/03-01-04-01-01-02-06.wav,low_energy,2,ravdess,6
data/emotion_datasets/ravdess/Actor_06/03-01-04-01-02-01-06.wav,low_energy,2,ravdess,6
data/emotion_datasets/ravdess/Actor_06/03-01-04-01-02-02-06.wav,low_energy,2,ravdess,6
data/emotion_datasets/ravdess/Actor_06/03-01-04-02-01-01-06.wav,low_energy,2,ravdess,6
data/emotion_datasets/ravdess/Actor_06/03-01-04-02-01-02-06.wav,low_energy,2,ravdess,6
data/emotion_datasets/ravdess/Actor_06/03-01-04-02-02-01-06.wav,low_energy,2,ravdess,6
data/emotion_datasets/ravdess/Actor_06/03-01-04-02-02-02-06.wav,low_energy,2,ravdess,6
data/emotion_datasets/ravdess/Actor_06/03-01-05-01-01-01-06.wav,tense_stressed,3,ravdess,6
data/emotion_datasets/ravdess/Actor_06/03-01-05-01-01-02-06.wav,tense_stressed,3,ravdess,6
data/emotion_datasets/ravdess/Actor_06/03-01-05-01-02-01-06.wav,tense_stressed,3,ravdess,6
data/emotion_datasets/ravdess/Actor_06/03-01-05-01-02-02-06.wav,tense_stressed,3,ravdess,6
data/emotion_datasets/ravdess/Actor_06/03-01-05-02-01-01-06.wav,tense_stressed,3,ravdess,6
data/emotion_datasets/ravdess/Actor_06/03-01-05-02-01-02-06.wav,tense_stressed,3,ravdess,6
data/emotion_datasets/ravdess/Actor_06/03-01-05-02-02-01-06.wav,tense_stressed,3,ravdess,6
data/emotion_datasets/ravdess/Actor_06/03-01-05-02-02-02-06.wav,tense_stressed,3,ravdess,6
data/emotion_datasets/ravdess/Actor_06/03-01-06-01-01-01-06.wav,tense_stressed,3,ravdess,6
data/emotion_datasets/ravdess/Actor_06/03-01-06-01-01-02-06.wav,tense_stressed,3,ravdess,6
data/emotion_datasets/ravdess/Actor_06/03-01-06-01-02-01-06.wav,tense_stressed,3,ravdess,6
data/emotion_datasets/ravdess/Actor_06/03-01-06-01-02-02-06.wav,tense_stressed,3,ravdess,6
data/emotion_datasets/ravdess/Actor_06/03-01-06-02-01-01-06.wav,tense_stressed,3,ravdess,6
data/emotion_datasets/ravdess/Actor_06/03-01-06-02-01-02-06.wav,tense_stressed,3,ravdess,6
data/emotion_datasets/ravdess/Actor_06/03-01-06-02-02-01-06.wav,tense_stressed,3,ravdess,6
data/emotion_datasets/ravdess/Actor_06/03-01-06-02-02-02-06.wav,tense_stressed,3,ravdess,6
data/emotion_datasets/ravdess/Actor_06/03-01-07-01-01-01-06.wav,tense_stressed,3,ravdess,6
data/emotion_datasets/ravdess/Actor_06/03-01-07-01-01-02-06.wav,tense_stressed,3,ravdess,6
data/emotion_datasets/ravdess/Actor_06/03-01-07-01-02-01-06.wav,tense_stressed,3,ravdess,6
data/emotion_datasets/ravdess/Actor_06/03-01-07-01-02-02-06.wav,tense_stressed,3,ravdess,6
data/emotion_datasets/ravdess/Actor_06/03-01-07-02-01-01-06.wav,tense_stressed,3,ravdess,6
data/emotion_datasets/ravdess/Actor_06/03-01-07-02-01-02-06.wav,tense_stressed,3,ravdess,6
data/emotion_datasets/ravdess/Actor_06/03-01-07-02-02-01-06.wav,tense_stressed,3,ravdess,6
data/emotion_datasets/ravdess/Actor_06/03-01-07-02-02-02-06.wav,tense_stressed,3,ravdess,6
data/emotion_datasets/ravdess/Actor_06/03-01-08-01-01-01-06.wav,energetic_engaged,1,ravdess,6
data/emotion_datasets/ravdess/Actor_06/03-01-08-01-01-02-06.wav,energetic_engaged,1,ravdess,6
data/emotion_datasets/ravdess/Actor_06/03-01-08-01-02-01-06.wav,energetic_engaged,1,ravdess,6
data/emotion_datasets/ravdess/Actor_06/03-01-08-01-02-02-06.wav,energetic_engaged,1,ravdess,6
data/emotion_datasets/ravdess/Actor_06/03-01-08-02-01-01-06.wav,energetic_engaged,1,ravdess,6
data/emotion_datasets/ravdess/Actor_06/03-01-08-02-01-02-06.wav,energetic_engaged,1,ravdess,6
data/emotion_datasets/ravdess/Actor_06/03-01-08-02-02-01-06.wav,energetic_engaged,1,ravdess,6
data/emotion_datasets/ravdess/Actor_06/03-01-08-02-02-02-06.wav,energetic_engaged,1,ravdess,6
data/emotion_datasets/ravdess/Actor_07/03-01-01-01-01-01-07.wav,neutral_calm,0,ravdess,7
data/emotion_datasets/ravdess/Actor_07/03-01-01-01-01-02-07.wav,neutral_calm,0,ravdess,7
data/emotion_datasets/ravdess/Actor_07/03-01-01-01-02-01-07.wav,neutral_calm,0,ravdess,7
data/emotion_datasets/ravdess/Actor_07/03-01-01-01-02-02-07.wav,neutral_calm,0,ravdess,7
data/emotion_datasets/ravdess/Actor_07/03-01-02-01-01-01-07.wav,neutral_calm,0,ravdess,7
data/emotion_datasets/ravdess/Actor_07/03-01-02-01-01-02-07.wav,neutral_calm,0,ravdess,7
data/emotion_datasets/ravdess/Actor_07/03-01-02-01-02-01-07.wav,neutral_calm,0,ravdess,7
data/emotion_datasets/ravdess/Actor_07/03-01-02-01-02-02-07.wav,neutral_calm,0,ravdess,7
data/emotion_datasets/ravdess/Actor_07/03-01-02-02-01-01-07.wav,neutral_calm,0,ravdess,7
data/emotion_datasets/ravdess/Actor_07/03-01-02-02-01-02-07.wav,neutral_calm,0,ravdess,7
data/emotion_datasets/ravdess/Actor_07/03-01-02-02-02-01-07.wav,neutral_calm,0,ravdess,7
data/emotion_datasets/ravdess/Actor_07/03-01-02-02-02-02-07.wav,neutral_calm,0,ravdess,7
data/emotion_datasets/ravdess/Actor_07/03-01-03-01-01-01-07.wav,energetic_engaged,1,ravdess,7
data/emotion_datasets/ravdess/Actor_07/03-01-03-01-01-02-07.wav,energetic_engaged,1,ravdess,7
data/emotion_datasets/ravdess/Actor_07/03-01-03-01-02-01-07.wav,energetic_engaged,1,ravdess,7
data/emotion_datasets/ravdess/Actor_07/03-01-03-01-02-02-07.wav,energetic_engaged,1,ravdess,7
data/emotion_datasets/ravdess/Actor_07/03-01-03-02-01-01-07.wav,energetic_engaged,1,ravdess,7
data/emotion_datasets/ravdess/Actor_07/03-01-03-02-01-02-07.wav,energetic_engaged,1,ravdess,7
data/emotion_datasets/ravdess/Actor_07/03-01-03-02-02-01-07.wav,energetic_engaged,1,ravdess,7
data/emotion_datasets/ravdess/Actor_07/03-01-03-02-02-02-07.wav,energetic_engaged,1,ravdess,7
data/emotion_datasets/ravdess/Actor_07/03-01-04-01-01-01-07.wav,low_energy,2,ravdess,7
data/emotion_datasets/ravdess/Actor_07/03-01-04-01-01-02-07.wav,low_energy,2,ravdess,7
data/emotion_datasets/ravdess/Actor_07/03-01-04-01-02-01-07.wav,low_energy,2,ravdess,7
data/emotion_datasets/ravdess/Actor_07/03-01-04-01-02-02-07.wav,low_energy,2,ravdess,7
data/emotion_datasets/ravdess/Actor_07/03-01-04-02-01-01-07.wav,low_energy,2,ravdess,7
data/emotion_datasets/ravdess/Actor_07/03-01-04-02-01-02-07.wav,low_energy,2,ravdess,7
data/emotion_datasets/ravdess/Actor_07/03-01-04-02-02-01-07.wav,low_energy,2,ravdess,7
data/emotion_datasets/ravdess/Actor_07/03-01-04-02-02-02-07.wav,low_energy,2,ravdess,7
data/emotion_datasets/ravdess/Actor_07/03-01-05-01-01-01-07.wav,tense_stressed,3,ravdess,7
data/emotion_datasets/ravdess/Actor_07/03-01-05-01-01-02-07.wav,tense_stressed,3,ravdess,7
data/emotion_datasets/ravdess/Actor_07/03-01-05-01-02-01-07.wav,tense_stressed,3,ravdess,7
data/emotion_datasets/ravdess/Actor_07/03-01-05-01-02-02-07.wav,tense_stressed,3,ravdess,7
data/emotion_datasets/ravdess/Actor_07/03-01-05-02-01-01-07.wav,tense_stressed,3,ravdess,7
data/emotion_datasets/ravdess/Actor_07/03-01-05-02-01-02-07.wav,tense_stressed,3,ravdess,7
data/emotion_datasets/ravdess/Actor_07/03-01-05-02-02-01-07.wav,tense_stressed,3,ravdess,7
data/emotion_datasets/ravdess/Actor_07/03-01-05-02-02-02-07.wav,tense_stressed,3,ravdess,7
data/emotion_datasets/ravdess/Actor_07/03-01-06-01-01-01-07.wav,tense_stressed,3,ravdess,7
data/emotion_datasets/ravdess/Actor_07/03-01-06-01-01-02-07.wav,tense_stressed,3,ravdess,7
data/emotion_datasets/ravdess/Actor_07/03-01-06-01-02-01-07.wav,tense_stressed,3,ravdess,7
data/emotion_datasets/ravdess/Actor_07/03-01-06-01-02-02-07.wav,tense_stressed,3,ravdess,7
data/emotion_datasets/ravdess/Actor_07/03-01-06-02-01-01-07.wav,tense_stressed,3,ravdess,7
data/emotion_datasets/ravdess/Actor_07/03-01-06-02-01-02-07.wav,tense_stressed,3,ravdess,7
data/emotion_datasets/ravdess/Actor_07/03-01-06-02-02-01-07.wav,tense_stressed,3,ravdess,7
data/emotion_datasets/ravdess/Actor_07/03-01-06-02-02-02-07.wav,tense_stressed,3,ravdess,7
data/emotion_datasets/ravdess/Actor_07/03-01-07-01-01-01-07.wav,tense_stressed,3,ravdess,7
data/emotion_datasets/ravdess/Actor_07/03-01-07-01-01-02-07.wav,tense_stressed,3,ravdess,7
data/emotion_datasets/ravdess/Actor_07/03-01-07-01-02-01-07.wav,tense_stressed,3,ravdess,7
data/emotion_datasets/ravdess/Actor_07/03-01-07-01-02-02-07.wav,tense_stressed,3,ravdess,7
data/emotion_datasets/ravdess/Actor_07/03-01-07-02-01-01-07.wav,tense_stressed,3,ravdess,7
data/emotion_datasets/ravdess/Actor_07/03-01-07-02-01-02-07.wav,tense_stressed,3,ravdess,7
data/emotion_datasets/ravdess/Actor_07/03-01-07-02-02-01-07.wav,tense_stressed,3,ravdess,7
data/emotion_datasets/ravdess/Actor_07/03-01-07-02-02-02-07.wav,tense_stressed,3,ravdess,7
data/emotion_datasets/ravdess/Actor_07/03-01-08-01-01-01-07.wav,energetic_engaged,1,ravdess,7
data/emotion_datasets/ravdess/Actor_07/03-01-08-01-01-02-07.wav,energetic_engaged,1,ravdess,7
data/emotion_datasets/ravdess/Actor_07/03-01-08-01-02-01-07.wav,energetic_engaged,1,ravdess,7
data/emotion_datasets/ravdess/Actor_07/03-01-08-01-02-02-07.wav,energetic_engaged,1,ravdess,7
data/emotion_datasets/ravdess/Actor_07/03-01-08-02-01-01-07.wav,energetic_engaged,1,ravdess,7
data/emotion_datasets/ravdess/Actor_07/03-01-08-02-01-02-07.wav,energetic_engaged,1,ravdess,7
data/emotion_datasets/ravdess/Actor_07/03-01-08-02-02-01-07.wav,energetic_engaged,1,ravdess,7
data/emotion_datasets/ravdess/Actor_07/03-01-08-02-02-02-07.wav,energetic_engaged,1,ravdess,7
data/emotion_datasets/ravdess/Actor_08/03-01-01-01-01-01-08.wav,neutral_calm,0,ravdess,8
data/emotion_datasets/ravdess/Actor_08/03-01-01-01-01-02-08.wav,neutral_calm,0,ravdess,8
data/emotion_datasets/ravdess/Actor_08/03-01-01-01-02-01-08.wav,neutral_calm,0,ravdess,8
data/emotion_datasets/ravdess/Actor_08/03-01-01-01-02-02-08.wav,neutral_calm,0,ravdess,8
data/emotion_datasets/ravdess/Actor_08/03-01-02-01-01-01-08.wav,neutral_calm,0,ravdess,8
data/emotion_datasets/ravdess/Actor_08/03-01-02-01-01-02-08.wav,neutral_calm,0,ravdess,8
data/emotion_datasets/ravdess/Actor_08/03-01-02-01-02-01-08.wav,neutral_calm,0,ravdess,8
data/emotion_datasets/ravdess/Actor_08/03-01-02-01-02-02-08.wav,neutral_calm,0,ravdess,8
data/emotion_datasets/ravdess/Actor_08/03-01-02-02-01-01-08.wav,neutral_calm,0,ravdess,8
data/emotion_datasets/ravdess/Actor_08/03-01-02-02-01-02-08.wav,neutral_calm,0,ravdess,8
data/emotion_datasets/ravdess/Actor_08/03-01-02-02-02-01-08.wav,neutral_calm,0,ravdess,8
data/emotion_datasets/ravdess/Actor_08/03-01-02-02-02-02-08.wav,neutral_calm,0,ravdess,8
data/emotion_datasets/ravdess/Actor_08/03-01-03-01-01-01-08.wav,energetic_engaged,1,ravdess,8
data/emotion_datasets/ravdess/Actor_08/03-01-03-01-01-02-08.wav,energetic_engaged,1,ravdess,8
data/emotion_datasets/ravdess/Actor_08/03-01-03-01-02-01-08.wav,energetic_engaged,1,ravdess,8
data/emotion_datasets/ravdess/Actor_08/03-01-03-01-02-02-08.wav,energetic_engaged,1,ravdess,8
data/emotion_datasets/ravdess/Actor_08/03-01-03-02-01-01-08.wav,energetic_engaged,1,ravdess,8
data/emotion_datasets/ravdess/Actor_08/03-01-03-02-01-02-08.wav,energetic_engaged,1,ravdess,8
data/emotion_datasets/ravdess/Actor_08/03-01-03-02-02-01-08.wav,energetic_engaged,1,ravdess,8
data/emotion_datasets/ravdess/Actor_08/03-01-03-02-02-02-08.wav,energetic_engaged,1,ravdess,8
data/emotion_datasets/ravdess/Actor_08/03-01-04-01-01-01-08.wav,low_energy,2,ravdess,8
data/emotion_datasets/ravdess/Actor_08/03-01-04-01-01-02-08.wav,low_energy,2,ravdess,8
data/emotion_datasets/ravdess/Actor_08/03-01-04-01-02-01-08.wav,low_energy,2,ravdess,8
data/emotion_datasets/ravdess/Actor_08/03-01-04-01-02-02-08.wav,low_energy,2,ravdess,8
data/emotion_datasets/ravdess/Actor_08/03-01-04-02-01-01-08.wav,low_energy,2,ravdess,8
data/emotion_datasets/ravdess/Actor_08/03-01-04-02-01-02-08.wav,low_energy,2,ravdess,8
data/emotion_datasets/ravdess/Actor_08/03-01-04-02-02-01-08.wav,low_energy,2,ravdess,8
data/emotion_datasets/ravdess/Actor_08/03-01-04-02-02-02-08.wav,low_energy,2,ravdess,8
data/emotion_datasets/ravdess/Actor_08/03-01-05-01-01-01-08.wav,tense_stressed,3,ravdess,8
data/emotion_datasets/ravdess/Actor_08/03-01-05-01-01-02-08.wav,tense_stressed,3,ravdess,8
data/emotion_datasets/ravdess/Actor_08/03-01-05-01-02-01-08.wav,tense_stressed,3,ravdess,8
data/emotion_datasets/ravdess/Actor_08/03-01-05-01-02-02-08.wav,tense_stressed,3,ravdess,8
data/emotion_datasets/ravdess/Actor_08/03-01-05-02-01-01-08.wav,tense_stressed,3,ravdess,8
data/emotion_datasets/ravdess/Actor_08/03-01-05-02-01-02-08.wav,tense_stressed,3,ravdess,8
data/emotion_datasets/ravdess/Actor_08/03-01-05-02-02-01-08.wav,tense_stressed,3,ravdess,8
data/emotion_datasets/ravdess/Actor_08/03-01-05-02-02-02-08.wav,tense_stressed,3,ravdess,8
data/emotion_datasets/ravdess/Actor_08/03-01-06-01-01-01-08.wav,tense_stressed,3,ravdess,8
data/emotion_datasets/ravdess/Actor_08/03-01-06-01-01-02-08.wav,tense_stressed,3,ravdess,8
data/emotion_datasets/ravdess/Actor_08/03-01-06-01-02-01-08.wav,tense_stressed,3,ravdess,8
data/emotion_datasets/ravdess/Actor_08/03-01-06-01-02-02-08.wav,tense_stressed,3,ravdess,8
data/emotion_datasets/ravdess/Actor_08/03-01-06-02-01-01-08.wav,tense_stressed,3,ravdess,8
data/emotion_datasets/ravdess/Actor_08/03-01-06-02-01-02-08.wav,tense_stressed,3,ravdess,8
data/emotion_datasets/ravdess/Actor_08/03-01-06-02-02-01-08.wav,tense_stressed,3,ravdess,8
data/emotion_datasets/ravdess/Actor_08/03-01-06-02-02-02-08.wav,tense_stressed,3,ravdess,8
data/emotion_datasets/ravdess/Actor_08/03-01-07-01-01-01-08.wav,tense_stressed,3,ravdess,8
data/emotion_datasets/ravdess/Actor_08/03-01-07-01-01-02-08.wav,tense_stressed,3,ravdess,8
data/emotion_datasets/ravdess/Actor_08/03-01-07-01-02-01-08.wav,tense_stressed,3,ravdess,8
data/emotion_datasets/ravdess/Actor_08/03-01-07-01-02-02-08.wav,tense_stressed,3,ravdess,8
data/emotion_datasets/ravdess/Actor_08/03-01-07-02-01-01-08.wav,tense_stressed,3,ravdess,8
data/emotion_datasets/ravdess/Actor_08/03-01-07-02-01-02-08.wav,tense_stressed,3,ravdess,8
data/emotion_datasets/ravdess/Actor_08/03-01-07-02-02-01-08.wav,tense_stressed,3,ravdess,8
data/emotion_datasets/ravdess/Actor_08/03-01-07-02-02-02-08.wav,tense_stressed,3,ravdess,8
data/emotion_datasets/ravdess/Actor_08/03-01-08-01-01-01-08.wav,energetic_engaged,1,ravdess,8
data/emotion_datasets/ravdess/Actor_08/03-01-08-01-01-02-08.wav,energetic_engaged,1,ravdess,8
data/emotion_datasets/ravdess/Actor_08/03-01-08-01-02-01-08.wav,energetic_engaged,1,ravdess,8
data/emotion_datasets/ravdess/Actor_08/03-01-08-01-02-02-08.wav,energetic_engaged,1,ravdess,8
data/emotion_datasets/ravdess/Actor_08/03-01-08-02-01-01-08.wav,energetic_engaged,1,ravdess,8
data/emotion_datasets/ravdess/Actor_08/03-01-08-02-01-02-08.wav,energetic_engaged,1,ravdess,8
data/emotion_datasets/ravdess/Actor_08/03-01-08-02-02-01-08.wav,energetic_engaged,1,ravdess,8
data/emotion_datasets/ravdess/Actor_08/03-01-08-02-02-02-08.wav,energetic_engaged,1,ravdess,8
data/emotion_datasets/ravdess/Actor_09/03-01-01-01-01-01-09.wav,neutral_calm,0,ravdess,9
data/emotion_datasets/ravdess/Actor_09/03-01-01-01-01-02-09.wav,neutral_calm,0,ravdess,9
data/emotion_datasets/ravdess/Actor_09/03-01-01-01-02-01-09.wav,neutral_calm,0,ravdess,9
data/emotion_datasets/ravdess/Actor_09/03-01-01-01-02-02-09.wav,neutral_calm,0,ravdess,9
data/emotion_datasets/ravdess/Actor_09/03-01-02-01-01-01-09.wav,neutral_calm,0,ravdess,9
data/emotion_datasets/ravdess/Actor_09/03-01-02-01-01-02-09.wav,neutral_calm,0,ravdess,9
data/emotion_datasets/ravdess/Actor_09/03-01-02-01-02-01-09.wav,neutral_calm,0,ravdess,9
data/emotion_datasets/ravdess/Actor_09/03-01-02-01-02-02-09.wav,neutral_calm,0,ravdess,9
data/emotion_datasets/ravdess/Actor_09/03-01-02-02-01-01-09.wav,neutral_calm,0,ravdess,9
data/emotion_datasets/ravdess/Actor_09/03-01-02-02-01-02-09.wav,neutral_calm,0,ravdess,9
data/emotion_datasets/ravdess/Actor_09/03-01-02-02-02-01-09.wav,neutral_calm,0,ravdess,9
data/emotion_datasets/ravdess/Actor_09/03-01-02-02-02-02-09.wav,neutral_calm,0,ravdess,9
data/emotion_datasets/ravdess/Actor_09/03-01-03-01-01-01-09.wav,energetic_engaged,1,ravdess,9
data/emotion_datasets/ravdess/Actor_09/03-01-03-01-01-02-09.wav,energetic_engaged,1,ravdess,9
data/emotion_datasets/ravdess/Actor_09/03-01-03-01-02-01-09.wav,energetic_engaged,1,ravdess,9
data/emotion_datasets/ravdess/Actor_09/03-01-03-01-02-02-09.wav,energetic_engaged,1,ravdess,9
data/emotion_datasets/ravdess/Actor_09/03-01-03-02-01-01-09.wav,energetic_engaged,1,ravdess,9
data/emotion_datasets/ravdess/Actor_09/03-01-03-02-01-02-09.wav,energetic_engaged,1,ravdess,9
data/emotion_datasets/ravdess/Actor_09/03-01-03-02-02-01-09.wav,energetic_engaged,1,ravdess,9
data/emotion_datasets/ravdess/Actor_09/03-01-03-02-02-02-09.wav,energetic_engaged,1,ravdess,9
data/emotion_datasets/ravdess/Actor_09/03-01-04-01-01-01-09.wav,low_energy,2,ravdess,9
data/emotion_datasets/ravdess/Actor_09/03-01-04-01-01-02-09.wav,low_energy,2,ravdess,9
data/emotion_datasets/ravdess/Actor_09/03-01-04-01-02-01-09.wav,low_energy,2,ravdess,9
data/emotion_datasets/ravdess/Actor_09/03-01-04-01-02-02-09.wav,low_energy,2,ravdess,9
data/emotion_datasets/ravdess/Actor_09/03-01-04-02-01-01-09.wav,low_energy,2,ravdess,9
data/emotion_datasets/ravdess/Actor_09/03-01-04-02-01-02-09.wav,low_energy,2,ravdess,9
data/emotion_datasets/ravdess/Actor_09/03-01-04-02-02-01-09.wav,low_energy,2,ravdess,9
data/emotion_datasets/ravdess/Actor_09/03-01-04-02-02-02-09.wav,low_energy,2,ravdess,9
data/emotion_datasets/ravdess/Actor_09/03-01-05-01-01-01-09.wav,tense_stressed,3,ravdess,9
data/emotion_datasets/ravdess/Actor_09/03-01-05-01-01-02-09.wav,tense_stressed,3,ravdess,9
data/emotion_datasets/ravdess/Actor_09/03-01-05-01-02-01-09.wav,tense_stressed,3,ravdess,9
data/emotion_datasets/ravdess/Actor_09/03-01-05-01-02-02-09.wav,tense_stressed,3,ravdess,9
data/emotion_datasets/ravdess/Actor_09/03-01-05-02-01-01-09.wav,tense_stressed,3,ravdess,9
data/emotion_datasets/ravdess/Actor_09/03-01-05-02-01-02-09.wav,tense_stressed,3,ravdess,9
data/emotion_datasets/ravdess/Actor_09/03-01-05-02-02-01-09.wav,tense_stressed,3,ravdess,9
data/emotion_datasets/ravdess/Actor_09/03-01-05-02-02-02-09.wav,tense_stressed,3,ravdess,9
data/emotion_datasets/ravdess/Actor_09/03-01-06-01-01-01-09.wav,tense_stressed,3,ravdess,9
data/emotion_datasets/ravdess/Actor_09/03-01-06-01-01-02-09.wav,tense_stressed,3,ravdess,9
data/emotion_datasets/ravdess/Actor_09/03-01-06-01-02-01-09.wav,tense_stressed,3,ravdess,9
data/emotion_datasets/ravdess/Actor_09/03-01-06-01-02-02-09.wav,tense_stressed,3,ravdess,9
data/emotion_datasets/ravdess/Actor_09/03-01-06-02-01-01-09.wav,tense_stressed,3,ravdess,9
data/emotion_datasets/ravdess/Actor_09/03-01-06-02-01-02-09.wav,tense_stressed,3,ravdess,9
data/emotion_datasets/ravdess/Actor_09/03-01-06-02-02-01-09.wav,tense_stressed,3,ravdess,9
data/emotion_datasets/ravdess/Actor_09/03-01-06-02-02-02-09.wav,tense_stressed,3,ravdess,9
data/emotion_datasets/ravdess/Actor_09/03-01-07-01-01-01-09.wav,tense_stressed,3,ravdess,9
data/emotion_datasets/ravdess/Actor_09/03-01-07-01-01-02-09.wav,tense_stressed,3,ravdess,9
data/emotion_datasets/ravdess/Actor_09/03-01-07-01-02-01-09.wav,tense_stressed,3,ravdess,9
data/emotion_datasets/ravdess/Actor_09/03-01-07-01-02-02-09.wav,tense_stressed,3,ravdess,9
data/emotion_datasets/ravdess/Actor_09/03-01-07-02-01-01-09.wav,tense_stressed,3,ravdess,9
data/emotion_datasets/ravdess/Actor_09/03-01-07-02-01-02-09.wav,tense_stressed,3,ravdess,9
data/emotion_datasets/ravdess/Actor_09/03-01-07-02-02-01-09.wav,tense_stressed,3,ravdess,9
data/emotion_datasets/ravdess/Actor_09/03-01-07-02-02-02-09.wav,tense_stressed,3,ravdess,9
data/emotion_datasets/ravdess/Actor_09/03-01-08-01-01-01-09.wav,energetic_engaged,1,ravdess,9
data/emotion_datasets/ravdess/Actor_09/03-01-08-01-01-02-09.wav,energetic_engaged,1,ravdess,9
data/emotion_datasets/ravdess/Actor_09/03-01-08-01-02-01-09.wav,energetic_engaged,1,ravdess,9
data/emotion_datasets/ravdess/Actor_09/03-01-08-01-02-02-09.wav,energetic_engaged,1,ravdess,9
data/emotion_datasets/ravdess/Actor_09/03-01-08-02-01-01-09.wav,energetic_engaged,1,ravdess,9
data/emotion_datasets/ravdess/Actor_09/03-01-08-02-01-02-09.wav,energetic_engaged,1,ravdess,9
data/emotion_datasets/ravdess/Actor_09/03-01-08-02-02-01-09.wav,energetic_engaged,1,ravdess,9
data/emotion_datasets/ravdess/Actor_09/03-01-08-02-02-02-09.wav,energetic_engaged,1,ravdess,9
data/emotion_datasets/ravdess/Actor_10/03-01-01-01-01-01-10.wav,neutral_calm,0,ravdess,10
data/emotion_datasets/ravdess/Actor_10/03-01-01-01-01-02-10.wav,neutral_calm,0,ravdess,10
data/emotion_datasets/ravdess/Actor_10/03-01-01-01-02-01-10.wav,neutral_calm,0,ravdess,10
data/emotion_datasets/ravdess/Actor_10/03-01-01-01-02-02-10.wav,neutral_calm,0,ravdess,10
data/emotion_datasets/ravdess/Actor_10/03-01-02-01-01-01-10.wav,neutral_calm,0,ravdess,10
data/emotion_datasets/ravdess/Actor_10/03-01-02-01-01-02-10.wav,neutral_calm,0,ravdess,10
data/emotion_datasets/ravdess/Actor_10/03-01-02-01-02-01-10.wav,neutral_calm,0,ravdess,10
data/emotion_datasets/ravdess/Actor_10/03-01-02-01-02-02-10.wav,neutral_calm,0,ravdess,10
data/emotion_datasets/ravdess/Actor_10/03-01-02-02-01-01-10.wav,neutral_calm,0,ravdess,10
data/emotion_datasets/ravdess/Actor_10/03-01-02-02-01-02-10.wav,neutral_calm,0,ravdess,10
data/emotion_datasets/ravdess/Actor_10/03-01-02-02-02-01-10.wav,neutral_calm,0,ravdess,10
data/emotion_datasets/ravdess/Actor_10/03-01-02-02-02-02-10.wav,neutral_calm,0,ravdess,10
data/emotion_datasets/ravdess/Actor_10/03-01-03-01-01-01-10.wav,energetic_engaged,1,ravdess,10
data/emotion_datasets/ravdess/Actor_10/03-01-03-01-01-02-10.wav,energetic_engaged,1,ravdess,10
data/emotion_datasets/ravdess/Actor_10/03-01-03-01-02-01-10.wav,energetic_engaged,1,ravdess,10
data/emotion_datasets/ravdess/Actor_10/03-01-03-01-02-02-10.wav,energetic_engaged,1,ravdess,10
data/emotion_datasets/ravdess/Actor_10/03-01-03-02-01-01-10.wav,energetic_engaged,1,ravdess,10
data/emotion_datasets/ravdess/Actor_10/03-01-03-02-01-02-10.wav,energetic_engaged,1,ravdess,10
data/emotion_datasets/ravdess/Actor_10/03-01-03-02-02-01-10.wav,energetic_engaged,1,ravdess,10
data/emotion_datasets/ravdess/Actor_10/03-01-03-02-02-02-10.wav,energetic_engaged,1,ravdess,10
data/emotion_datasets/ravdess/Actor_10/03-01-04-01-01-01-10.wav,low_energy,2,ravdess,10
data/emotion_datasets/ravdess/Actor_10/03-01-04-01-01-02-10.wav,low_energy,2,ravdess,10
data/emotion_datasets/ravdess/Actor_10/03-01-04-01-02-01-10.wav,low_energy,2,ravdess,10
data/emotion_datasets/ravdess/Actor_10/03-01-04-01-02-02-10.wav,low_energy,2,ravdess,10
data/emotion_datasets/ravdess/Actor_10/03-01-04-02-01-01-10.wav,low_energy,2,ravdess,10
data/emotion_datasets/ravdess/Actor_10/03-01-04-02-01-02-10.wav,low_energy,2,ravdess,10
data/emotion_datasets/ravdess/Actor_10/03-01-04-02-02-01-10.wav,low_energy,2,ravdess,10
data/emotion_datasets/ravdess/Actor_10/03-01-04-02-02-02-10.wav,low_energy,2,ravdess,10
data/emotion_datasets/ravdess/Actor_10/03-01-05-01-01-01-10.wav,tense_stressed,3,ravdess,10
data/emotion_datasets/ravdess/Actor_10/03-01-05-01-01-02-10.wav,tense_stressed,3,ravdess,10
data/emotion_datasets/ravdess/Actor_10/03-01-05-01-02-01-10.wav,tense_stressed,3,ravdess,10
data/emotion_datasets/ravdess/Actor_10/03-01-05-01-02-02-10.wav,tense_stressed,3,ravdess,10
data/emotion_datasets/ravdess/Actor_10/03-01-05-02-01-01-10.wav,tense_stressed,3,ravdess,10
data/emotion_datasets/ravdess/Actor_10/03-01-05-02-01-02-10.wav,tense_stressed,3,ravdess,10
data/emotion_datasets/ravdess/Actor_10/03-01-05-02-02-01-10.wav,tense_stressed,3,ravdess,10
data/emotion_datasets/ravdess/Actor_10/03-01-05-02-02-02-10.wav,tense_stressed,3,ravdess,10
data/emotion_datasets/ravdess/Actor_10/03-01-06-01-01-01-10.wav,tense_stressed,3,ravdess,10
data/emotion_datasets/ravdess/Actor_10/03-01-06-01-01-02-10.wav,tense_stressed,3,ravdess,10
data/emotion_datasets/ravdess/Actor_10/03-01-06-01-02-01-10.wav,tense_stressed,3,ravdess,10
data/emotion_datasets/ravdess/Actor_10/03-01-06-01-02-02-10.wav,tense_stressed,3,ravdess,10
data/emotion_datasets/ravdess/Actor_10/03-01-06-02-01-01-10.wav,tense_stressed,3,ravdess,10
data/emotion_datasets/ravdess/Actor_10/03-01-06-02-01-02-10.wav,tense_stressed,3,ravdess,10
data/emotion_datasets/ravdess/Actor_10/03-01-06-02-02-01-10.wav,tense_stressed,3,ravdess,10
data/emotion_datasets/ravdess/Actor_10/03-01-06-02-02-02-10.wav,tense_stressed,3,ravdess,10
data/emotion_datasets/ravdess/Actor_10/03-01-07-01-01-01-10.wav,tense_stressed,3,ravdess,10
data/emotion_datasets/ravdess/Actor_10/03-01-07-01-01-02-10.wav,tense_stressed,3,ravdess,10
data/emotion_datasets/ravdess/Actor_10/03-01-07-01-02-01-10.wav,tense_stressed,3,ravdess,10
data/emotion_datasets/ravdess/Actor_10/03-01-07-01-02-02-10.wav,tense_stressed,3,ravdess,10
data/emotion_datasets/ravdess/Actor_10/03-01-07-02-01-01-10.wav,tense_stressed,3,ravdess,10
data/emotion_datasets/ravdess/Actor_10/03-01-07-02-01-02-10.wav,tense_stressed,3,ravdess,10
data/emotion_datasets/ravdess/Actor_10/03-01-07-02-02-01-10.wav,tense_stressed,3,ravdess,10
data/emotion_datasets/ravdess/Actor_10/03-01-07-02-02-02-10.wav,tense_stressed,3,ravdess,10
data/emotion_datasets/ravdess/Actor_10/03-01-08-01-01-01-10.wav,energetic_engaged,1,ravdess,10
data/emotion_datasets/ravdess/Actor_10/03-01-08-01-01-02-10.wav,energetic_engaged,1,ravdess,10
data/emotion_datasets/ravdess/Actor_10/03-01-08-01-02-01-10.wav,energetic_engaged,1,ravdess,10
data/emotion_datasets/ravdess/Actor_10/03-01-08-01-02-02-10.wav,energetic_engaged,1,ravdess,10
data/emotion_datasets/ravdess/Actor_10/03-01-08-02-01-01-10.wav,energetic_engaged,1,ravdess,10
data/emotion_datasets/ravdess/Actor_10/03-01-08-02-01-02-10.wav,energetic_engaged,1,ravdess,10
data/emotion_datasets/ravdess/Actor_10/03-01-08-02-02-01-10.wav,energetic_engaged,1,ravdess,10
data/emotion_datasets/ravdess/Actor_10/03-01-08-02-02-02-10.wav,energetic_engaged,1,ravdess,10
data/emotion_datasets/ravdess/Actor_11/03-01-01-01-01-01-11.wav,neutral_calm,0,ravdess,11
data/emotion_datasets/ravdess/Actor_11/03-01-01-01-01-02-11.wav,neutral_calm,0,ravdess,11
data/emotion_datasets/ravdess/Actor_11/03-01-01-01-02-01-11.wav,neutral_calm,0,ravdess,11
data/emotion_datasets/ravdess/Actor_11/03-01-01-01-02-02-11.wav,neutral_calm,0,ravdess,11
data/emotion_datasets/ravdess/Actor_11/03-01-02-01-01-01-11.wav,neutral_calm,0,ravdess,11
data/emotion_datasets/ravdess/Actor_11/03-01-02-01-01-02-11.wav,neutral_calm,0,ravdess,11
data/emotion_datasets/ravdess/Actor_11/03-01-02-01-02-01-11.wav,neutral_calm,0,ravdess,11
data/emotion_datasets/ravdess/Actor_11/03-01-02-01-02-02-11.wav,neutral_calm,0,ravdess,11
data/emotion_datasets/ravdess/Actor_11/03-01-02-02-01-01-11.wav,neutral_calm,0,ravdess,11
data/emotion_datasets/ravdess/Actor_11/03-01-02-02-01-02-11.wav,neutral_calm,0,ravdess,11
data/emotion_datasets/ravdess/Actor_11/03-01-02-02-02-01-11.wav,neutral_calm,0,ravdess,11
data/emotion_datasets/ravdess/Actor_11/03-01-02-02-02-02-11.wav,neutral_calm,0,ravdess,11
data/emotion_datasets/ravdess/Actor_11/03-01-03-01-01-01-11.wav,energetic_engaged,1,ravdess,11
data/emotion_datasets/ravdess/Actor_11/03-01-03-01-01-02-11.wav,energetic_engaged,1,ravdess,11
data/emotion_datasets/ravdess/Actor_11/03-01-03-01-02-01-11.wav,energetic_engaged,1,ravdess,11
data/emotion_datasets/ravdess/Actor_11/03-01-03-01-02-02-11.wav,energetic_engaged,1,ravdess,11
data/emotion_datasets/ravdess/Actor_11/03-01-03-02-01-01-11.wav,energetic_engaged,1,ravdess,11
data/emotion_datasets/ravdess/Actor_11/03-01-03-02-01-02-11.wav,energetic_engaged,1,ravdess,11
data/emotion_datasets/ravdess/Actor_11/03-01-03-02-02-01-11.wav,energetic_engaged,1,ravdess,11
data/emotion_datasets/ravdess/Actor_11/03-01-03-02-02-02-11.wav,energetic_engaged,1,ravdess,11
data/emotion_datasets/ravdess/Actor_11/03-01-04-01-01-01-11.wav,low_energy,2,ravdess,11
data/emotion_datasets/ravdess/Actor_11/03-01-04-01-01-02-11.wav,low_energy,2,ravdess,11
data/emotion_datasets/ravdess/Actor_11/03-01-04-01-02-01-11.wav,low_energy,2,ravdess,11
data/emotion_datasets/ravdess/Actor_11/03-01-04-01-02-02-11.wav,low_energy,2,ravdess,11
data/emotion_datasets/ravdess/Actor_11/03-01-04-02-01-01-11.wav,low_energy,2,ravdess,11
data/emotion_datasets/ravdess/Actor_11/03-01-04-02-01-02-11.wav,low_energy,2,ravdess,11
data/emotion_datasets/ravdess/Actor_11/03-01-04-02-02-01-11.wav,low_energy,2,ravdess,11
data/emotion_datasets/ravdess/Actor_11/03-01-04-02-02-02-11.wav,low_energy,2,ravdess,11
data/emotion_datasets/ravdess/Actor_11/03-01-05-01-01-01-11.wav,tense_stressed,3,ravdess,11
data/emotion_datasets/ravdess/Actor_11/03-01-05-01-01-02-11.wav,tense_stressed,3,ravdess,11
data/emotion_datasets/ravdess/Actor_11/03-01-05-01-02-01-11.wav,tense_stressed,3,ravdess,11
data/emotion_datasets/ravdess/Actor_11/03-01-05-01-02-02-11.wav,tense_stressed,3,ravdess,11
data/emotion_datasets/ravdess/Actor_11/03-01-05-02-01-01-11.wav,tense_stressed,3,ravdess,11
data/emotion_datasets/ravdess/Actor_11/03-01-05-02-01-02-11.wav,tense_stressed,3,ravdess,11
data/emotion_datasets/ravdess/Actor_11/03-01-05-02-02-01-11.wav,tense_stressed,3,ravdess,11
data/emotion_datasets/ravdess/Actor_11/03-01-05-02-02-02-11.wav,tense_stressed,3,ravdess,11
data/emotion_datasets/ravdess/Actor_11/03-01-06-01-01-01-11.wav,tense_stressed,3,ravdess,11
data/emotion_datasets/ravdess/Actor_11/03-01-06-01-01-02-11.wav,tense_stressed,3,ravdess,11
data/emotion_datasets/ravdess/Actor_11/03-01-06-01-02-01-11.wav,tense_stressed,3,ravdess,11
data/emotion_datasets/ravdess/Actor_11/03-01-06-01-02-02-11.wav,tense_stressed,3,ravdess,11
data/emotion_datasets/ravdess/Actor_11/03-01-06-02-01-01-11.wav,tense_stressed,3,ravdess,11
data/emotion_datasets/ravdess/Actor_11/03-01-06-02-01-02-11.wav,tense_stressed,3,ravdess,11
data/emotion_datasets/ravdess/Actor_11/03-01-06-02-02-01-11.wav,tense_stressed,3,ravdess,11
data/emotion_datasets/ravdess/Actor_11/03-01-06-02-02-02-11.wav,tense_stressed,3,ravdess,11
data/emotion_datasets/ravdess/Actor_11/03-01-07-01-01-01-11.wav,tense_stressed,3,ravdess,11
data/emotion_datasets/ravdess/Actor_11/03-01-07-01-01-02-11.wav,tense_stressed,3,ravdess,11
data/emotion_datasets/ravdess/Actor_11/03-01-07-01-02-01-11.wav,tense_stressed,3,ravdess,11
data/emotion_datasets/ravdess/Actor_11/03-01-07-01-02-02-11.wav,tense_stressed,3,ravdess,11
data/emotion_datasets/ravdess/Actor_11/03-01-07-02-01-01-11.wav,tense_stressed,3,ravdess,11
data/emotion_datasets/ravdess/Actor_11/03-01-07-02-01-02-11.wav,tense_stressed,3,ravdess,11
data/emotion_datasets/ravdess/Actor_11/03-01-07-02-02-01-11.wav,tense_stressed,3,ravdess,11
data/emotion_datasets/ravdess/Actor_11/03-01-07-02-02-02-11.wav,tense_stressed,3,ravdess,11
data/emotion_datasets/ravdess/Actor_11/03-01-08-01-01-01-11.wav,energetic_engaged,1,ravdess,11
data/emotion_datasets/ravdess/Actor_11/03-01-08-01-01-02-11.wav,energetic_engaged,1,ravdess,11
data/emotion_datasets/ravdess/Actor_11/03-01-08-01-02-01-11.wav,energetic_engaged,1,ravdess,11
data/emotion_datasets/ravdess/Actor_11/03-01-08-01-02-02-11.wav,energetic_engaged,1,ravdess,11
data/emotion_datasets/ravdess/Actor_11/03-01-08-02-01-01-11.wav,energetic_engaged,1,ravdess,11
data/emotion_datasets/ravdess/Actor_11/03-01-08-02-01-02-11.wav,energetic_engaged,1,ravdess,11
data/emotion_datasets/ravdess/Actor_11/03-01-08-02-02-01-11.wav,energetic_engaged,1,ravdess,11
data/emotion_datasets/ravdess/Actor_11/03-01-08-02-02-02-11.wav,energetic_engaged,1,ravdess,11
data/emotion_datasets/ravdess/Actor_12/03-01-01-01-01-01-12.wav,neutral_calm,0,ravdess,12
data/emotion_datasets/ravdess/Actor_12/03-01-01-01-01-02-12.wav,neutral_calm,0,ravdess,12
data/emotion_datasets/ravdess/Actor_12/03-01-01-01-02-01-12.wav,neutral_calm,0,ravdess,12
data/emotion_datasets/ravdess/Actor_12/03-01-01-01-02-02-12.wav,neutral_calm,0,ravdess,12
data/emotion_datasets/ravdess/Actor_12/03-01-02-01-01-01-12.wav,neutral_calm,0,ravdess,12
data/emotion_datasets/ravdess/Actor_12/03-01-02-01-01-02-12.wav,neutral_calm,0,ravdess,12
data/emotion_datasets/ravdess/Actor_12/03-01-02-01-02-01-12.wav,neutral_calm,0,ravdess,12
data/emotion_datasets/ravdess/Actor_12/03-01-02-01-02-02-12.wav,neutral_calm,0,ravdess,12
data/emotion_datasets/ravdess/Actor_12/03-01-02-02-01-01-12.wav,neutral_calm,0,ravdess,12
data/emotion_datasets/ravdess/Actor_12/03-01-02-02-01-02-12.wav,neutral_calm,0,ravdess,12
data/emotion_datasets/ravdess/Actor_12/03-01-02-02-02-01-12.wav,neutral_calm,0,ravdess,12
data/emotion_datasets/ravdess/Actor_12/03-01-02-02-02-02-12.wav,neutral_calm,0,ravdess,12
data/emotion_datasets/ravdess/Actor_12/03-01-03-01-01-01-12.wav,energetic_engaged,1,ravdess,12
data/emotion_datasets/ravdess/Actor_12/03-01-03-01-01-02-12.wav,energetic_engaged,1,ravdess,12
data/emotion_datasets/ravdess/Actor_12/03-01-03-01-02-01-12.wav,energetic_engaged,1,ravdess,12
data/emotion_datasets/ravdess/Actor_12/03-01-03-01-02-02-12.wav,energetic_engaged,1,ravdess,12
data/emotion_datasets/ravdess/Actor_12/03-01-03-02-01-01-12.wav,energetic_engaged,1,ravdess,12
data/emotion_datasets/ravdess/Actor_12/03-01-03-02-01-02-12.wav,energetic_engaged,1,ravdess,12
data/emotion_datasets/ravdess/Actor_12/03-01-03-02-02-01-12.wav,energetic_engaged,1,ravdess,12
data/emotion_datasets/ravdess/Actor_12/03-01-03-02-02-02-12.wav,energetic_engaged,1,ravdess,12
data/emotion_datasets/ravdess/Actor_12/03-01-04-01-01-01-12.wav,low_energy,2,ravdess,12
data/emotion_datasets/ravdess/Actor_12/03-01-04-01-01-02-12.wav,low_energy,2,ravdess,12
data/emotion_datasets/ravdess/Actor_12/03-01-04-01-02-01-12.wav,low_energy,2,ravdess,12
data/emotion_datasets/ravdess/Actor_12/03-01-04-01-02-02-12.wav,low_energy,2,ravdess,12
data/emotion_datasets/ravdess/Actor_12/03-01-04-02-01-01-12.wav,low_energy,2,ravdess,12
data/emotion_datasets/ravdess/Actor_12/03-01-04-02-01-02-12.wav,low_energy,2,ravdess,12
data/emotion_datasets/ravdess/Actor_12/03-01-04-02-02-01-12.wav,low_energy,2,ravdess,12
data/emotion_datasets/ravdess/Actor_12/03-01-04-02-02-02-12.wav,low_energy,2,ravdess,12
data/emotion_datasets/ravdess/Actor_12/03-01-05-01-01-01-12.wav,tense_stressed,3,ravdess,12
data/emotion_datasets/ravdess/Actor_12/03-01-05-01-01-02-12.wav,tense_stressed,3,ravdess,12
data/emotion_datasets/ravdess/Actor_12/03-01-05-01-02-01-12.wav,tense_stressed,3,ravdess,12
data/emotion_datasets/ravdess/Actor_12/03-01-05-01-02-02-12.wav,tense_stressed,3,ravdess,12
data/emotion_datasets/ravdess/Actor_12/03-01-05-02-01-01-12.wav,tense_stressed,3,ravdess,12
data/emotion_datasets/ravdess/Actor_12/03-01-05-02-01-02-12.wav,tense_stressed,3,ravdess,12
data/emotion_datasets/ravdess/Actor_12/03-01-05-02-02-01-12.wav,tense_stressed,3,ravdess,12
data/emotion_datasets/ravdess/Actor_12/03-01-05-02-02-02-12.wav,tense_stressed,3,ravdess,12
data/emotion_datasets/ravdess/Actor_12/03-01-06-01-01-01-12.wav,tense_stressed,3,ravdess,12
data/emotion_datasets/ravdess/Actor_12/03-01-06-01-01-02-12.wav,tense_stressed,3,ravdess,12
data/emotion_datasets/ravdess/Actor_12/03-01-06-01-02-01-12.wav,tense_stressed,3,ravdess,12
data/emotion_datasets/ravdess/Actor_12/03-01-06-01-02-02-12.wav,tense_stressed,3,ravdess,12
data/emotion_datasets/ravdess/Actor_12/03-01-06-02-01-01-12.wav,tense_stressed,3,ravdess,12
data/emotion_datasets/ravdess/Actor_12/03-01-06-02-01-02-12.wav,tense_stressed,3,ravdess,12
data/emotion_datasets/ravdess/Actor_12/03-01-06-02-02-01-12.wav,tense_stressed,3,ravdess,12
data/emotion_datasets/ravdess/Actor_12/03-01-06-02-02-02-12.wav,tense_stressed,3,ravdess,12
data/emotion_datasets/ravdess/Actor_12/03-01-07-01-01-01-12.wav,tense_stressed,3,ravdess,12
data/emotion_datasets/ravdess/Actor_12/03-01-07-01-01-02-12.wav,tense_stressed,3,ravdess,12
data/emotion_datasets/ravdess/Actor_12/03-01-07-01-02-01-12.wav,tense_stressed,3,ravdess,12
data/emotion_datasets/ravdess/Actor_12/03-01-07-01-02-02-12.wav,tense_stressed,3,ravdess,12
data/emotion_datasets/ravdess/Actor_12/03-01-07-02-01-01-12.wav,tense_stressed,3,ravdess,12
data/emotion_datasets/ravdess/Actor_12/03-01-07-02-01-02-12.wav,tense_stressed,3,ravdess,12
data/emotion_datasets/ravdess/Actor_12/03-01-07-02-02-01-12.wav,tense_stressed,3,ravdess,12
data/emotion_datasets/ravdess/Actor_12/03-01-07-02-02-02-12.wav,tense_stressed,3,ravdess,12
data/emotion_datasets/ravdess/Actor_12/03-01-08-01-01-01-12.wav,energetic_engaged,1,ravdess,12
data/emotion_datasets/ravdess/Actor_12/03-01-08-01-01-02-12.wav,energetic_engaged,1,ravdess,12
data/emotion_datasets/ravdess/Actor_12/03-01-08-01-02-01-12.wav,energetic_engaged,1,ravdess,12
data/emotion_datasets/ravdess/Actor_12/03-01-08-01-02-02-12.wav,energetic_engaged,1,ravdess,12
data/emotion_datasets/ravdess/Actor_12/03-01-08-02-01-01-12.wav,energetic_engaged,1,ravdess,12
data/emotion_datasets/ravdess/Actor_12/03-01-08-02-01-02-12.wav,energetic_engaged,1,ravdess,12
data/emotion_datasets/ravdess/Actor_12/03-01-08-02-02-01-12.wav,energetic_engaged,1,ravdess,12
data/emotion_datasets/ravdess/Actor_12/03-01-08-02-02-02-12.wav,energetic_engaged,1,ravdess,12
data/emotion_datasets/ravdess/Actor_13/03-01-01-01-01-01-13.wav,neutral_calm,0,ravdess,13
data/emotion_datasets/ravdess/Actor_13/03-01-01-01-01-02-13.wav,neutral_calm,0,ravdess,13
data/emotion_datasets/ravdess/Actor_13/03-01-01-01-02-01-13.wav,neutral_calm,0,ravdess,13
data/emotion_datasets/ravdess/Actor_13/03-01-01-01-02-02-13.wav,neutral_calm,0,ravdess,13
data/emotion_datasets/ravdess/Actor_13/03-01-02-01-01-01-13.wav,neutral_calm,0,ravdess,13
data/emotion_datasets/ravdess/Actor_13/03-01-02-01-01-02-13.wav,neutral_calm,0,ravdess,13
data/emotion_datasets/ravdess/Actor_13/03-01-02-01-02-01-13.wav,neutral_calm,0,ravdess,13
data/emotion_datasets/ravdess/Actor_13/03-01-02-01-02-02-13.wav,neutral_calm,0,ravdess,13
data/emotion_datasets/ravdess/Actor_13/03-01-02-02-01-01-13.wav,neutral_calm,0,ravdess,13
data/emotion_datasets/ravdess/Actor_13/03-01-02-02-01-02-13.wav,neutral_calm,0,ravdess,13
data/emotion_datasets/ravdess/Actor_13/03-01-02-02-02-01-13.wav,neutral_calm,0,ravdess,13
data/emotion_datasets/ravdess/Actor_13/03-01-02-02-02-02-13.wav,neutral_calm,0,ravdess,13
data/emotion_datasets/ravdess/Actor_13/03-01-03-01-01-01-13.wav,energetic_engaged,1,ravdess,13
data/emotion_datasets/ravdess/Actor_13/03-01-03-01-01-02-13.wav,energetic_engaged,1,ravdess,13
data/emotion_datasets/ravdess/Actor_13/03-01-03-01-02-01-13.wav,energetic_engaged,1,ravdess,13
data/emotion_datasets/ravdess/Actor_13/03-01-03-01-02-02-13.wav,energetic_engaged,1,ravdess,13
data/emotion_datasets/ravdess/Actor_13/03-01-03-02-01-01-13.wav,energetic_engaged,1,ravdess,13
data/emotion_datasets/ravdess/Actor_13/03-01-03-02-01-02-13.wav,energetic_engaged,1,ravdess,13
data/emotion_datasets/ravdess/Actor_13/03-01-03-02-02-01-13.wav,energetic_engaged,1,ravdess,13
data/emotion_datasets/ravdess/Actor_13/03-01-03-02-02-02-13.wav,energetic_engaged,1,ravdess,13
data/emotion_datasets/ravdess/Actor_13/03-01-04-01-01-01-13.wav,low_energy,2,ravdess,13
data/emotion_datasets/ravdess/Actor_13/03-01-04-01-01-02-13.wav,low_energy,2,ravdess,13
data/emotion_datasets/ravdess/Actor_13/03-01-04-01-02-01-13.wav,low_energy,2,ravdess,13
data/emotion_datasets/ravdess/Actor_13/03-01-04-01-02-02-13.wav,low_energy,2,ravdess,13
data/emotion_datasets/ravdess/Actor_13/03-01-04-02-01-01-13.wav,low_energy,2,ravdess,13
data/emotion_datasets/ravdess/Actor_13/03-01-04-02-01-02-13.wav,low_energy,2,ravdess,13
data/emotion_datasets/ravdess/Actor_13/03-01-04-02-02-01-13.wav,low_energy,2,ravdess,13
data/emotion_datasets/ravdess/Actor_13/03-01-04-02-02-02-13.wav,low_energy,2,ravdess,13
data/emotion_datasets/ravdess/Actor_13/03-01-05-01-01-01-13.wav,tense_stressed,3,ravdess,13
data/emotion_datasets/ravdess/Actor_13/03-01-05-01-01-02-13.wav,tense_stressed,3,ravdess,13
data/emotion_datasets/ravdess/Actor_13/03-01-05-01-02-01-13.wav,tense_stressed,3,ravdess,13
data/emotion_datasets/ravdess/Actor_13/03-01-05-01-02-02-13.wav,tense_stressed,3,ravdess,13
data/emotion_datasets/ravdess/Actor_13/03-01-05-02-01-01-13.wav,tense_stressed,3,ravdess,13
data/emotion_datasets/ravdess/Actor_13/03-01-05-02-01-02-13.wav,tense_stressed,3,ravdess,13
data/emotion_datasets/ravdess/Actor_13/03-01-05-02-02-01-13.wav,tense_stressed,3,ravdess,13
data/emotion_datasets/ravdess/Actor_13/03-01-05-02-02-02-13.wav,tense_stressed,3,ravdess,13
data/emotion_datasets/ravdess/Actor_13/03-01-06-01-01-01-13.wav,tense_stressed,3,ravdess,13
data/emotion_datasets/ravdess/Actor_13/03-01-06-01-01-02-13.wav,tense_stressed,3,ravdess,13
data/emotion_datasets/ravdess/Actor_13/03-01-06-01-02-01-13.wav,tense_stressed,3,ravdess,13
data/emotion_datasets/ravdess/Actor_13/03-01-06-01-02-02-13.wav,tense_stressed,3,ravdess,13
data/emotion_datasets/ravdess/Actor_13/03-01-06-02-01-01-13.wav,tense_stressed,3,ravdess,13
data/emotion_datasets/ravdess/Actor_13/03-01-06-02-01-02-13.wav,tense_stressed,3,ravdess,13
data/emotion_datasets/ravdess/Actor_13/03-01-06-02-02-01-13.wav,tense_stressed,3,ravdess,13
data/emotion_datasets/ravdess/Actor_13/03-01-06-02-02-02-13.wav,tense_stressed,3,ravdess,13
data/emotion_datasets/ravdess/Actor_13/03-01-07-01-01-01-13.wav,tense_stressed,3,ravdess,13
data/emotion_datasets/ravdess/Actor_13/03-01-07-01-01-02-13.wav,tense_stressed,3,ravdess,13
data/emotion_datasets/ravdess/Actor_13/03-01-07-01-02-01-13.wav,tense_stressed,3,ravdess,13
data/emotion_datasets/ravdess/Actor_13/03-01-07-01-02-02-13.wav,tense_stressed,3,ravdess,13
data/emotion_datasets/ravdess/Actor_13/03-01-07-02-01-01-13.wav,tense_stressed,3,ravdess,13
data/emotion_datasets/ravdess/Actor_13/03-01-07-02-01-02-13.wav,tense_stressed,3,ravdess,13
data/emotion_datasets/ravdess/Actor_13/03-01-07-02-02-01-13.wav,tense_stressed,3,ravdess,13
data/emotion_datasets/ravdess/Actor_13/03-01-07-02-02-02-13.wav,tense_stressed,3,ravdess,13
data/emotion_datasets/ravdess/Actor_13/03-01-08-01-01-01-13.wav,energetic_engaged,1,ravdess,13
data/emotion_datasets/ravdess/Actor_13/03-01-08-01-01-02-13.wav,energetic_engaged,1,ravdess,13
data/emotion_datasets/ravdess/Actor_13/03-01-08-01-02-01-13.wav,energetic_engaged,1,ravdess,13
data/emotion_datasets/ravdess/Actor_13/03-01-08-01-02-02-13.wav,energetic_engaged,1,ravdess,13
data/emotion_datasets/ravdess/Actor_13/03-01-08-02-01-01-13.wav,energetic_engaged,1,ravdess,13
data/emotion_datasets/ravdess/Actor_13/03-01-08-02-01-02-13.wav,energetic_engaged,1,ravdess,13
data/emotion_datasets/ravdess/Actor_13/03-01-08-02-02-01-13.wav,energetic_engaged,1,ravdess,13
data/emotion_datasets/ravdess/Actor_13/03-01-08-02-02-02-13.wav,energetic_engaged,1,ravdess,13
data/emotion_datasets/ravdess/Actor_14/03-01-01-01-01-01-14.wav,neutral_calm,0,ravdess,14
data/emotion_datasets/ravdess/Actor_14/03-01-01-01-01-02-14.wav,neutral_calm,0,ravdess,14
data/emotion_datasets/ravdess/Actor_14/03-01-01-01-02-01-14.wav,neutral_calm,0,ravdess,14
data/emotion_datasets/ravdess/Actor_14/03-01-01-01-02-02-14.wav,neutral_calm,0,ravdess,14
data/emotion_datasets/ravdess/Actor_14/03-01-02-01-01-01-14.wav,neutral_calm,0,ravdess,14
data/emotion_datasets/ravdess/Actor_14/03-01-02-01-01-02-14.wav,neutral_calm,0,ravdess,14
data/emotion_datasets/ravdess/Actor_14/03-01-02-01-02-01-14.wav,neutral_calm,0,ravdess,14
data/emotion_datasets/ravdess/Actor_14/03-01-02-01-02-02-14.wav,neutral_calm,0,ravdess,14
data/emotion_datasets/ravdess/Actor_14/03-01-02-02-01-01-14.wav,neutral_calm,0,ravdess,14
data/emotion_datasets/ravdess/Actor_14/03-01-02-02-01-02-14.wav,neutral_calm,0,ravdess,14
data/emotion_datasets/ravdess/Actor_14/03-01-02-02-02-01-14.wav,neutral_calm,0,ravdess,14
data/emotion_datasets/ravdess/Actor_14/03-01-02-02-02-02-14.wav,neutral_calm,0,ravdess,14
data/emotion_datasets/ravdess/Actor_14/03-01-03-01-01-01-14.wav,energetic_engaged,1,ravdess,14
data/emotion_datasets/ravdess/Actor_14/03-01-03-01-01-02-14.wav,energetic_engaged,1,ravdess,14
data/emotion_datasets/ravdess/Actor_14/03-01-03-01-02-01-14.wav,energetic_engaged,1,ravdess,14
data/emotion_datasets/ravdess/Actor_14/03-01-03-01-02-02-14.wav,energetic_engaged,1,ravdess,14
data/emotion_datasets/ravdess/Actor_14/03-01-03-02-01-01-14.wav,energetic_engaged,1,ravdess,14
data/emotion_datasets/ravdess/Actor_14/03-01-03-02-01-02-14.wav,energetic_engaged,1,ravdess,14
data/emotion_datasets/ravdess/Actor_14/03-01-03-02-02-01-14.wav,energetic_engaged,1,ravdess,14
data/emotion_datasets/ravdess/Actor_14/03-01-03-02-02-02-14.wav,energetic_engaged,1,ravdess,14
data/emotion_datasets/ravdess/Actor_14/03-01-04-01-01-01-14.wav,low_energy,2,ravdess,14
data/emotion_datasets/ravdess/Actor_14/03-01-04-01-01-02-14.wav,low_energy,2,ravdess,14
data/emotion_datasets/ravdess/Actor_14/03-01-04-01-02-01-14.wav,low_energy,2,ravdess,14
data/emotion_datasets/ravdess/Actor_14/03-01-04-01-02-02-14.wav,low_energy,2,ravdess,14
data/emotion_datasets/ravdess/Actor_14/03-01-04-02-01-01-14.wav,low_energy,2,ravdess,14
data/emotion_datasets/ravdess/Actor_14/03-01-04-02-01-02-14.wav,low_energy,2,ravdess,14
data/emotion_datasets/ravdess/Actor_14/03-01-04-02-02-01-14.wav,low_energy,2,ravdess,14
data/emotion_datasets/ravdess/Actor_14/03-01-04-02-02-02-14.wav,low_energy,2,ravdess,14
data/emotion_datasets/ravdess/Actor_14/03-01-05-01-01-01-14.wav,tense_stressed,3,ravdess,14
data/emotion_datasets/ravdess/Actor_14/03-01-05-01-01-02-14.wav,tense_stressed,3,ravdess,14
data/emotion_datasets/ravdess/Actor_14/03-01-05-01-02-01-14.wav,tense_stressed,3,ravdess,14
data/emotion_datasets/ravdess/Actor_14/03-01-05-01-02-02-14.wav,tense_stressed,3,ravdess,14
data/emotion_datasets/ravdess/Actor_14/03-01-05-02-01-01-14.wav,tense_stressed,3,ravdess,14
data/emotion_datasets/ravdess/Actor_14/03-01-05-02-01-02-14.wav,tense_stressed,3,ravdess,14
data/emotion_datasets/ravdess/Actor_14/03-01-05-02-02-01-14.wav,tense_stressed,3,ravdess,14
data/emotion_datasets/ravdess/Actor_14/03-01-05-02-02-02-14.wav,tense_stressed,3,ravdess,14
data/emotion_datasets/ravdess/Actor_14/03-01-06-01-01-01-14.wav,tense_stressed,3,ravdess,14
data/emotion_datasets/ravdess/Actor_14/03-01-06-01-01-02-14.wav,tense_stressed,3,ravdess,14
data/emotion_datasets/ravdess/Actor_14/03-01-06-01-02-01-14.wav,tense_stressed,3,ravdess,14
data/emotion_datasets/ravdess/Actor_14/03-01-06-01-02-02-14.wav,tense_stressed,3,ravdess,14
data/emotion_datasets/ravdess/Actor_14/03-01-06-02-01-01-14.wav,tense_stressed,3,ravdess,14
data/emotion_datasets/ravdess/Actor_14/03-01-06-02-01-02-14.wav,tense_stressed,3,ravdess,14
data/emotion_datasets/ravdess/Actor_14/03-01-06-02-02-01-14.wav,tense_stressed,3,ravdess,14
data/emotion_datasets/ravdess/Actor_14/03-01-06-02-02-02-14.wav,tense_stressed,3,ravdess,14
data/emotion_datasets/ravdess/Actor_14/03-01-07-01-01-01-14.wav,tense_stressed,3,ravdess,14
data/emotion_datasets/ravdess/Actor_14/03-01-07-01-01-02-14.wav,tense_stressed,3,ravdess,14
data/emotion_datasets/ravdess/Actor_14/03-01-07-01-02-01-14.wav,tense_stressed,3,ravdess,14
data/emotion_datasets/ravdess/Actor_14/03-01-07-01-02-02-14.wav,tense_stressed,3,ravdess,14
data/emotion_datasets/ravdess/Actor_14/03-01-07-02-01-01-14.wav,tense_stressed,3,ravdess,14
data/emotion_datasets/ravdess/Actor_14/03-01-07-02-01-02-14.wav,tense_stressed,3,ravdess,14
data/emotion_datasets/ravdess/Actor_14/03-01-07-02-02-01-14.wav,tense_stressed,3,ravdess,14
data/emotion_datasets/ravdess/Actor_14/03-01-07-02-02-02-14.wav,tense_stressed,3,ravdess,14
data/emotion_datasets/ravdess/Actor_14/03-01-08-01-01-01-14.wav,energetic_engaged,1,ravdess,14
data/emotion_datasets/ravdess/Actor_14/03-01-08-01-01-02-14.wav,energetic_engaged,1,ravdess,14
data/emotion_datasets/ravdess/Actor_14/03-01-08-01-02-01-14.wav,energetic_engaged,1,ravdess,14
data/emotion_datasets/ravdess/Actor_14/03-01-08-01-02-02-14.wav,energetic_engaged,1,ravdess,14
data/emotion_datasets/ravdess/Actor_14/03-01-08-02-01-01-14.wav,energetic_engaged,1,ravdess,14
data/emotion_datasets/ravdess/Actor_14/03-01-08-02-01-02-14.wav,energetic_engaged,1,ravdess,14
data/emotion_datasets/ravdess/Actor_14/03-01-08-02-02-01-14.wav,energetic_engaged,1,ravdess,14
data/emotion_datasets/ravdess/Actor_14/03-01-08-02-02-02-14.wav,energetic_engaged,1,ravdess,14
data/emotion_datasets/ravdess/Actor_15/03-01-01-01-01-01-15.wav,neutral_calm,0,ravdess,15
data/emotion_datasets/ravdess/Actor_15/03-01-01-01-01-02-15.wav,neutral_calm,0,ravdess,15
data/emotion_datasets/ravdess/Actor_15/03-01-01-01-02-01-15.wav,neutral_calm,0,ravdess,15
data/emotion_datasets/ravdess/Actor_15/03-01-01-01-02-02-15.wav,neutral_calm,0,ravdess,15
data/emotion_datasets/ravdess/Actor_15/03-01-02-01-01-01-15.wav,neutral_calm,0,ravdess,15
data/emotion_datasets/ravdess/Actor_15/03-01-02-01-01-02-15.wav,neutral_calm,0,ravdess,15
data/emotion_datasets/ravdess/Actor_15/03-01-02-01-02-01-15.wav,neutral_calm,0,ravdess,15
data/emotion_datasets/ravdess/Actor_15/03-01-02-01-02-02-15.wav,neutral_calm,0,ravdess,15
data/emotion_datasets/ravdess/Actor_15/03-01-02-02-01-01-15.wav,neutral_calm,0,ravdess,15
data/emotion_datasets/ravdess/Actor_15/03-01-02-02-01-02-15.wav,neutral_calm,0,ravdess,15
data/emotion_datasets/ravdess/Actor_15/03-01-02-02-02-01-15.wav,neutral_calm,0,ravdess,15
data/emotion_datasets/ravdess/Actor_15/03-01-02-02-02-02-15.wav,neutral_calm,0,ravdess,15
data/emotion_datasets/ravdess/Actor_15/03-01-03-01-01-01-15.wav,energetic_engaged,1,ravdess,15
data/emotion_datasets/ravdess/Actor_15/03-01-03-01-01-02-15.wav,energetic_engaged,1,ravdess,15
data/emotion_datasets/ravdess/Actor_15/03-01-03-01-02-01-15.wav,energetic_engaged,1,ravdess,15
data/emotion_datasets/ravdess/Actor_15/03-01-03-01-02-02-15.wav,energetic_engaged,1,ravdess,15
data/emotion_datasets/ravdess/Actor_15/03-01-03-02-01-01-15.wav,energetic_engaged,1,ravdess,15
data/emotion_datasets/ravdess/Actor_15/03-01-03-02-01-02-15.wav,energetic_engaged,1,ravdess,15
data/emotion_datasets/ravdess/Actor_15/03-01-03-02-02-01-15.wav,energetic_engaged,1,ravdess,15
data/emotion_datasets/ravdess/Actor_15/03-01-03-02-02-02-15.wav,energetic_engaged,1,ravdess,15
data/emotion_datasets/ravdess/Actor_15/03-01-04-01-01-01-15.wav,low_energy,2,ravdess,15
data/emotion_datasets/ravdess/Actor_15/03-01-04-01-01-02-15.wav,low_energy,2,ravdess,15
data/emotion_datasets/ravdess/Actor_15/03-01-04-01-02-01-15.wav,low_energy,2,ravdess,15
data/emotion_datasets/ravdess/Actor_15/03-01-04-01-02-02-15.wav,low_energy,2,ravdess,15
data/emotion_datasets/ravdess/Actor_15/03-01-04-02-01-01-15.wav,low_energy,2,ravdess,15
data/emotion_datasets/ravdess/Actor_15/03-01-04-02-01-02-15.wav,low_energy,2,ravdess,15
data/emotion_datasets/ravdess/Actor_15/03-01-04-02-02-01-15.wav,low_energy,2,ravdess,15
data/emotion_datasets/ravdess/Actor_15/03-01-04-02-02-02-15.wav,low_energy,2,ravdess,15
data/emotion_datasets/ravdess/Actor_15/03-01-05-01-01-01-15.wav,tense_stressed,3,ravdess,15
data/emotion_datasets/ravdess/Actor_15/03-01-05-01-01-02-15.wav,tense_stressed,3,ravdess,15
data/emotion_datasets/ravdess/Actor_15/03-01-05-01-02-01-15.wav,tense_stressed,3,ravdess,15
data/emotion_datasets/ravdess/Actor_15/03-01-05-01-02-02-15.wav,tense_stressed,3,ravdess,15
data/emotion_datasets/ravdess/Actor_15/03-01-05-02-01-01-15.wav,tense_stressed,3,ravdess,15
data/emotion_datasets/ravdess/Actor_15/03-01-05-02-01-02-15.wav,tense_stressed,3,ravdess,15
data/emotion_datasets/ravdess/Actor_15/03-01-05-02-02-01-15.wav,tense_stressed,3,ravdess,15
data/emotion_datasets/ravdess/Actor_15/03-01-05-02-02-02-15.wav,tense_stressed,3,ravdess,15
data/emotion_datasets/ravdess/Actor_15/03-01-06-01-01-01-15.wav,tense_stressed,3,ravdess,15
data/emotion_datasets/ravdess/Actor_15/03-01-06-01-01-02-15.wav,tense_stressed,3,ravdess,15
data/emotion_datasets/ravdess/Actor_15/03-01-06-01-02-01-15.wav,tense_stressed,3,ravdess,15
data/emotion_datasets/ravdess/Actor_15/03-01-06-01-02-02-15.wav,tense_stressed,3,ravdess,15
data/emotion_datasets/ravdess/Actor_15/03-01-06-02-01-01-15.wav,tense_stressed,3,ravdess,15
data/emotion_datasets/ravdess/Actor_15/03-01-06-02-01-02-15.wav,tense_stressed,3,ravdess,15
data/emotion_datasets/ravdess/Actor_15/03-01-06-02-02-01-15.wav,tense_stressed,3,ravdess,15
data/emotion_datasets/ravdess/Actor_15/03-01-06-02-02-02-15.wav,tense_stressed,3,ravdess,15
data/emotion_datasets/ravdess/Actor_15/03-01-07-01-01-01-15.wav,tense_stressed,3,ravdess,15
data/emotion_datasets/ravdess/Actor_15/03-01-07-01-01-02-15.wav,tense_stressed,3,ravdess,15
data/emotion_datasets/ravdess/Actor_15/03-01-07-01-02-01-15.wav,tense_stressed,3,ravdess,15
data/emotion_datasets/ravdess/Actor_15/03-01-07-01-02-02-15.wav,tense_stressed,3,ravdess,15
data/emotion_datasets/ravdess/Actor_15/03-01-07-02-01-01-15.wav,tense_stressed,3,ravdess,15
data/emotion_datasets/ravdess/Actor_15/03-01-07-02-01-02-15.wav,tense_stressed,3,ravdess,15
data/emotion_datasets/ravdess/Actor_15/03-01-07-02-02-01-15.wav,tense_stressed,3,ravdess,15
data/emotion_datasets/ravdess/Actor_15/03-01-07-02-02-02-15.wav,tense_stressed,3,ravdess,15
data/emotion_datasets/ravdess/Actor_15/03-01-08-01-01-01-15.wav,energetic_engaged,1,ravdess,15
data/emotion_datasets/ravdess/Actor_15/03-01-08-01-01-02-15.wav,energetic_engaged,1,ravdess,15
data/emotion_datasets/ravdess/Actor_15/03-01-08-01-02-01-15.wav,energetic_engaged,1,ravdess,15
data/emotion_datasets/ravdess/Actor_15/03-01-08-01-02-02-15.wav,energetic_engaged,1,ravdess,15
data/emotion_datasets/ravdess/Actor_15/03-01-08-02-01-01-15.wav,energetic_engaged,1,ravdess,15
data/emotion_datasets/ravdess/Actor_15/03-01-08-02-01-02-15.wav,energetic_engaged,1,ravdess,15
data/emotion_datasets/ravdess/Actor_15/03-01-08-02-02-01-15.wav,energetic_engaged,1,ravdess,15
data/emotion_datasets/ravdess/Actor_15/03-01-08-02-02-02-15.wav,energetic_engaged,1,ravdess,15
data/emotion_datasets/ravdess/Actor_16/03-01-01-01-01-01-16.wav,neutral_calm,0,ravdess,16
data/emotion_datasets/ravdess/Actor_16/03-01-01-01-01-02-16.wav,neutral_calm,0,ravdess,16
data/emotion_datasets/ravdess/Actor_16/03-01-01-01-02-01-16.wav,neutral_calm,0,ravdess,16
data/emotion_datasets/ravdess/Actor_16/03-01-01-01-02-02-16.wav,neutral_calm,0,ravdess,16
data/emotion_datasets/ravdess/Actor_16/03-01-02-01-01-01-16.wav,neutral_calm,0,ravdess,16
data/emotion_datasets/ravdess/Actor_16/03-01-02-01-01-02-16.wav,neutral_calm,0,ravdess,16
data/emotion_datasets/ravdess/Actor_16/03-01-02-01-02-01-16.wav,neutral_calm,0,ravdess,16
data/emotion_datasets/ravdess/Actor_16/03-01-02-01-02-02-16.wav,neutral_calm,0,ravdess,16
data/emotion_datasets/ravdess/Actor_16/03-01-02-02-01-01-16.wav,neutral_calm,0,ravdess,16
data/emotion_datasets/ravdess/Actor_16/03-01-02-02-01-02-16.wav,neutral_calm,0,ravdess,16
data/emotion_datasets/ravdess/Actor_16/03-01-02-02-02-01-16.wav,neutral_calm,0,ravdess,16
data/emotion_datasets/ravdess/Actor_16/03-01-02-02-02-02-16.wav,neutral_calm,0,ravdess,16
data/emotion_datasets/ravdess/Actor_16/03-01-03-01-01-01-16.wav,energetic_engaged,1,ravdess,16
data/emotion_datasets/ravdess/Actor_16/03-01-03-01-01-02-16.wav,energetic_engaged,1,ravdess,16
data/emotion_datasets/ravdess/Actor_16/03-01-03-01-02-01-16.wav,energetic_engaged,1,ravdess,16
data/emotion_datasets/ravdess/Actor_16/03-01-03-01-02-02-16.wav,energetic_engaged,1,ravdess,16
data/emotion_datasets/ravdess/Actor_16/03-01-03-02-01-01-16.wav,energetic_engaged,1,ravdess,16
data/emotion_datasets/ravdess/Actor_16/03-01-03-02-01-02-16.wav,energetic_engaged,1,ravdess,16
data/emotion_datasets/ravdess/Actor_16/03-01-03-02-02-01-16.wav,energetic_engaged,1,ravdess,16
data/emotion_datasets/ravdess/Actor_16/03-01-03-02-02-02-16.wav,energetic_engaged,1,ravdess,16
data/emotion_datasets/ravdess/Actor_16/03-01-04-01-01-01-16.wav,low_energy,2,ravdess,16
data/emotion_datasets/ravdess/Actor_16/03-01-04-01-01-02-16.wav,low_energy,2,ravdess,16
data/emotion_datasets/ravdess/Actor_16/03-01-04-01-02-01-16.wav,low_energy,2,ravdess,16
data/emotion_datasets/ravdess/Actor_16/03-01-04-01-02-02-16.wav,low_energy,2,ravdess,16
data/emotion_datasets/ravdess/Actor_16/03-01-04-02-01-01-16.wav,low_energy,2,ravdess,16
data/emotion_datasets/ravdess/Actor_16/03-01-04-02-01-02-16.wav,low_energy,2,ravdess,16
data/emotion_datasets/ravdess/Actor_16/03-01-04-02-02-01-16.wav,low_energy,2,ravdess,16
data/emotion_datasets/ravdess/Actor_16/03-01-04-02-02-02-16.wav,low_energy,2,ravdess,16
data/emotion_datasets/ravdess/Actor_16/03-01-05-01-01-01-16.wav,tense_stressed,3,ravdess,16
data/emotion_datasets/ravdess/Actor_16/03-01-05-01-01-02-16.wav,tense_stressed,3,ravdess,16
data/emotion_datasets/ravdess/Actor_16/03-01-05-01-02-01-16.wav,tense_stressed,3,ravdess,16
data/emotion_datasets/ravdess/Actor_16/03-01-05-01-02-02-16.wav,tense_stressed,3,ravdess,16
data/emotion_datasets/ravdess/Actor_16/03-01-05-02-01-01-16.wav,tense_stressed,3,ravdess,16
data/emotion_datasets/ravdess/Actor_16/03-01-05-02-01-02-16.wav,tense_stressed,3,ravdess,16
data/emotion_datasets/ravdess/Actor_16/03-01-05-02-02-01-16.wav,tense_stressed,3,ravdess,16
data/emotion_datasets/ravdess/Actor_16/03-01-05-02-02-02-16.wav,tense_stressed,3,ravdess,16
data/emotion_datasets/ravdess/Actor_16/03-01-06-01-01-01-16.wav,tense_stressed,3,ravdess,16
data/emotion_datasets/ravdess/Actor_16/03-01-06-01-01-02-16.wav,tense_stressed,3,ravdess,16
data/emotion_datasets/ravdess/Actor_16/03-01-06-01-02-01-16.wav,tense_stressed,3,ravdess,16
data/emotion_datasets/ravdess/Actor_16/03-01-06-01-02-02-16.wav,tense_stressed,3,ravdess,16
data/emotion_datasets/ravdess/Actor_16/03-01-06-02-01-01-16.wav,tense_stressed,3,ravdess,16
data/emotion_datasets/ravdess/Actor_16/03-01-06-02-01-02-16.wav,tense_stressed,3,ravdess,16
data/emotion_datasets/ravdess/Actor_16/03-01-06-02-02-01-16.wav,tense_stressed,3,ravdess,16
data/emotion_datasets/ravdess/Actor_16/03-01-06-02-02-02-16.wav,tense_stressed,3,ravdess,16
data/emotion_datasets/ravdess/Actor_16/03-01-07-01-01-01-16.wav,tense_stressed,3,ravdess,16
data/emotion_datasets/ravdess/Actor_16/03-01-07-01-01-02-16.wav,tense_stressed,3,ravdess,16
data/emotion_datasets/ravdess/Actor_16/03-01-07-01-02-01-16.wav,tense_stressed,3,ravdess,16
data/emotion_datasets/ravdess/Actor_16/03-01-07-01-02-02-16.wav,tense_stressed,3,ravdess,16
data/emotion_datasets/ravdess/Actor_16/03-01-07-02-01-01-16.wav,tense_stressed,3,ravdess,16
data/emotion_datasets/ravdess/Actor_16/03-01-07-02-01-02-16.wav,tense_stressed,3,ravdess,16
data/emotion_datasets/ravdess/Actor_16/03-01-07-02-02-01-16.wav,tense_stressed,3,ravdess,16
data/emotion_datasets/ravdess/Actor_16/03-01-07-02-02-02-16.wav,tense_stressed,3,ravdess,16
data/emotion_datasets/ravdess/Actor_16/03-01-08-01-01-01-16.wav,energetic_engaged,1,ravdess,16
data/emotion_datasets/ravdess/Actor_16/03-01-08-01-01-02-16.wav,energetic_engaged,1,ravdess,16
data/emotion_datasets/ravdess/Actor_16/03-01-08-01-02-01-16.wav,energetic_engaged,1,ravdess,16
data/emotion_datasets/ravdess/Actor_16/03-01-08-01-02-02-16.wav,energetic_engaged,1,ravdess,16
data/emotion_datasets/ravdess/Actor_16/03-01-08-02-01-01-16.wav,energetic_engaged,1,ravdess,16
data/emotion_datasets/ravdess/Actor_16/03-01-08-02-01-02-16.wav,energetic_engaged,1,ravdess,16
data/emotion_datasets/ravdess/Actor_16/03-01-08-02-02-01-16.wav,energetic_engaged,1,ravdess,16
data/emotion_datasets/ravdess/Actor_16/03-01-08-02-02-02-16.wav,energetic_engaged,1,ravdess,16
